-- phpMyAdmin SQL Dump
-- version 5.2.0
-- https://www.phpmyadmin.net/
--
-- Host: 127.0.0.1
-- Waktu pembuatan: 29 Sep 2024 pada 15.38
-- Versi server: 10.4.27-MariaDB
-- Versi PHP: 8.2.0

SET SQL_MODE = "NO_AUTO_VALUE_ON_ZERO";
START TRANSACTION;
SET time_zone = "+00:00";


/*!40101 SET @OLD_CHARACTER_SET_CLIENT=@@CHARACTER_SET_CLIENT */;
/*!40101 SET @OLD_CHARACTER_SET_RESULTS=@@CHARACTER_SET_RESULTS */;
/*!40101 SET @OLD_COLLATION_CONNECTION=@@COLLATION_CONNECTION */;
/*!40101 SET NAMES utf8mb4 */;

--
-- Database: `haullur`
--

-- --------------------------------------------------------

--
-- Struktur dari tabel `almarhums`
--

CREATE TABLE `almarhums` (
  `id` int(11) NOT NULL,
  `nama` varchar(255) NOT NULL,
  `id_keluarga` int(11) NOT NULL
) ENGINE=InnoDB DEFAULT CHARSET=utf8mb4 COLLATE=utf8mb4_general_ci;

--
-- Dumping data untuk tabel `almarhums`
--

INSERT INTO `almarhums` (`id`, `nama`, `id_keluarga`) VALUES
(13, 'Yai Loso', 16),
(14, 'Mbok War', 16),
(16, 'Bapak Das', 16),
(17, 'Bapak Abd Rohman', 15),
(18, 'Bapak Kalio', 15),
(19, 'Kang Rokhani', 16),
(20, 'Bapak Pon', 15),
(21, 'Ibu Kumi', 16),
(22, 'Bapak Salimen', 15),
(23, 'Bapak Abd Syukur', 15),
(24, 'Yai Saribun', 16),
(25, 'Bu Supiyah', 15),
(26, 'Bu Satuma', 15),
(27, 'Mbok Saiah', 16),
(28, 'Mbok Poninten', 15),
(29, 'Mbok Gemi', 15),
(30, 'Ani Ningsih', 15),
(31, 'Prayitno', 15),
(32, 'Bapak Asmad', 16),
(33, 'Bu Sarpiyah', 15),
(34, 'Bu Kasmi', 15),
(35, 'Bapak Ibrahim', 15),
(36, 'Bapak Marun', 16),
(37, 'Bapak Marsam', 15),
(38, 'Bapak Samadun', 15),
(39, 'Moch Rochim', 15),
(40, 'Bapak Bari', 16),
(41, 'Mbok Arti', 15),
(42, 'Mbah Saeru', 15),
(43, 'Bapak Sukari', 16),
(44, 'Bu Sumini', 15),
(45, 'Ibu Makromah', 16),
(46, 'Bapak Samin', 15),
(47, 'Mbok Cari', 16),
(48, 'Bu Samina', 15),
(49, 'Bapak Daim', 16),
(50, 'Bapak Khamid', 15),
(51, 'Mak Wi', 16),
(52, 'Mbah Alfiah', 16),
(53, 'Bapak Karsiman', 16),
(54, 'Mbok Tun', 16),
(55, 'Ibu Turipah', 16),
(56, 'Mbok Ginten', 16),
(57, 'Yai Kasih', 15),
(58, 'Mbok Murtasih', 16),
(59, 'Bapak Kasim', 15),
(60, 'Bu Satiah', 15),
(61, 'Ibu Sarni', 16),
(62, 'Bapak Ndani', 16),
(63, 'Mbah Sariati', 15),
(64, 'Mbah Kamari', 15),
(65, 'Bapak Karto', 16),
(66, 'Mbah Kaminten', 15),
(67, 'Mbok Lasmina', 16),
(68, 'Bapak Kasemen', 17),
(69, 'Ibu Mariani', 16),
(70, 'Bapak Mustakim', 17),
(71, 'Bapak Irwan Evendi', 16),
(72, 'Bu Eni Suparti', 15),
(73, 'Ibu Paini', 17),
(74, 'Mbok sarpuah', 18),
(75, 'Mbah Darmini', 17),
(76, 'Sunami', 17),
(77, 'Mbah Ten', 15),
(78, 'Yunis Deriansa', 16),
(79, 'Kayatin', 17),
(80, 'Mak tasripah', 18),
(81, 'M.Suhartono', 17),
(82, 'Ramun', 17),
(83, 'Mbok Aminten', 16),
(84, 'Wagiti', 17),
(85, 'Bapak Tamin', 15),
(86, 'Ibu Siana', 16),
(87, 'Sunariyah', 17),
(88, 'Nur Hayati', 18),
(89, 'Bapak Warno', 15),
(90, 'Mbik Darsih', 17),
(91, 'Mbah Sarimo', 15),
(92, 'Bapak Abdul Syukur', 16),
(93, 'Siti Rohmah', 18),
(94, 'Bu Kamsah', 17),
(95, 'Joko Siswo', 15),
(96, 'Bapak Taman', 17),
(97, 'Ibu Sumia', 16),
(98, 'Bpk Daim', 18),
(99, 'Mbok Darmina', 17),
(100, 'Bapak Simin', 16),
(101, 'Mbok Tarsih', 17),
(102, 'Mbok Kar', 16),
(103, 'Bapak Gimin', 17),
(104, 'Ibu Sukariyah', 17),
(105, 'Ibu Endang', 15),
(106, 'Bapak Mustakim', 17),
(107, 'Mbok Darsih', 17),
(108, 'Yai Karsan', 17),
(109, 'Ibu Termini', 15),
(110, 'Bapak Wisnan', 16),
(111, 'Khamim', 17),
(112, 'Mbah Satemon', 15),
(113, 'Bapak Isman', 16),
(114, 'Bapak Bakri', 16),
(115, 'Bapak Kasbun', 15),
(116, 'Mbah Alima', 16),
(117, 'Anak Bayu', 16),
(118, 'Bapak Jumain', 17),
(119, 'Mbok Watini', 16),
(120, 'Bapak Rasio', 15),
(121, 'Bapak Prayitno', 15),
(122, 'Hariati', 19),
(123, 'Yai Drawi', 18),
(124, 'Bu Supiyah', 15),
(125, 'Yai kasbun', 18),
(126, 'Siti Aminah', 19),
(127, 'Bu Satukah', 15),
(128, 'Sri Bawon', 19),
(129, 'Mbok kamsiyah', 18),
(130, 'Ibu Poniti', 15),
(131, 'Sadi Purnomo', 19),
(132, 'Bpk Madurakim', 18),
(133, 'Ibu Mesti', 15),
(134, 'Bapak Tajam', 19),
(135, 'Bapak Kasiadi', 15),
(136, 'Mbok Kasemi', 18),
(137, 'Ibu Maimunah', 15),
(138, 'Mbok sukaini', 18),
(139, 'Bu Siti', 15),
(140, 'Bapak Samsuri', 15),
(141, 'Yai Saridan', 19),
(142, 'Ibu Halimah', 15),
(143, 'Yai Li', 20),
(144, 'Yai Warimen', 18),
(145, 'Yai Sateb', 20),
(146, 'Mbok Saripah', 19),
(147, 'Ibu Ismah', 15),
(148, 'Yai Ri', 20),
(149, 'Yai Nam', 20),
(150, 'Mbah Kaji Tumini', 19),
(151, 'Mbah Maun', 19),
(152, 'Yai Run', 20),
(153, 'Nyai Li', 20),
(154, 'Mbah Langkir', 19),
(155, 'Nyai Nam', 20),
(156, 'Jumik', 20),
(157, 'Mbah Bargasi', 19),
(158, 'Sayuti', 20),
(159, 'Mbah Sumo', 19),
(160, 'Agus Salim', 18),
(161, 'Mbah Yam', 19),
(162, 'Mbh Warten', 18),
(163, 'Mbok Tun', 20),
(164, 'Bapak Rohmat', 19),
(165, 'Ibu Mursiah', 18),
(166, 'Mbok Marni', 20),
(167, 'Suandi', 19),
(168, 'Bapak Suparman', 20),
(169, 'Adek Sunanik', 18),
(170, 'Bapak Taji', 19),
(171, 'Bapak Sairon', 20),
(172, 'Nyai Rafik', 20),
(173, 'Selvi', 20),
(174, 'Mas Rudi Hartono', 19),
(175, 'Moch Sholeh', 18),
(176, 'Selva', 20),
(177, 'Mahfud', 20),
(178, 'Patanah', 20),
(179, 'Darimun', 20),
(180, 'Musripah', 20),
(181, 'Mbak Umi', 20),
(182, 'Panawi', 20),
(183, 'Arjo', 20),
(184, 'Nyai Muarti', 21),
(185, 'Juri', 20),
(186, 'Dolah', 20),
(187, 'Yai Salidin', 21),
(188, 'Ibu Rusmini', 20),
(189, 'Bpk Samiyun', 21),
(190, 'Supri', 21),
(191, 'Ibu Tutut', 20),
(192, 'Yai Warni', 21),
(193, 'Nyai Warni', 21),
(194, 'Mbok Sati`ah', 19),
(195, 'Bapak Alipan', 20),
(196, 'Bpk Temen', 21),
(197, 'Nyai Puk', 21),
(198, 'Yai Arso', 21),
(199, 'Mbak Harlis Saadah', 20),
(200, 'Nyai Karinah', 21),
(201, 'Sudarmono', 21),
(202, 'Bpk Jauri', 21),
(203, 'yai Rofii', 21),
(204, 'Moch Imam Fauzi', 23),
(205, 'Mbok Patemah', 21),
(206, 'Bapak Kasuwan', 22),
(207, 'Moch Abdul Kosim', 23),
(208, 'Mbok Saini', 21),
(209, 'Mbok Marlina', 22),
(210, 'Mbok Marlina', 23),
(211, 'Mbok Tun', 21),
(212, 'Bapak Mesto', 23),
(213, 'Bapak Tamun', 22),
(214, 'Bapak Tarub', 23),
(215, 'Bapak Paimun', 22),
(216, 'Pak Sai', 21),
(217, 'Mbah Pateni', 23),
(218, 'Rameli', 21),
(219, 'Nyari Rengget', 22),
(220, 'Rifatul Ghusnia', 23),
(221, 'Yai Lasiman', 23),
(222, 'Bapak Sholeh', 22),
(223, 'Mas ud', 21),
(224, 'Yai Li', 23),
(225, 'Yai Sateb', 23),
(226, 'Siti Rumakyah', 22),
(227, 'Nyai Li', 23),
(228, 'Ibu Riani', 21),
(229, 'Holili', 21),
(230, 'Bapak Ponirun', 22),
(231, 'Nuril Abidah', 23),
(232, 'Mbok saini', 21),
(233, 'Bpk akub', 21),
(234, 'Mbok Juwariyah', 21),
(235, 'Buyut Warijah', 23),
(236, 'Mbak Lasemi', 23),
(237, 'Ibu Rusmini', 23),
(238, 'Yai Kasturi', 23),
(239, 'Yai Nuriyah', 23),
(240, 'Mbok Waginten', 23),
(241, 'Mbok Lasimah', 23),
(242, 'Mbok Rusmini', 23),
(243, 'Mbok Sanatun', 23),
(244, 'Bapak Drais', 25),
(245, 'Sumiati', 22),
(246, 'Bpk Ari', 24),
(247, 'Riami', 22),
(248, 'Yu Kestin', 25),
(249, 'Ibu Arsia', 24),
(250, 'Bapak Sukari', 26),
(251, 'Mbh Sahri', 24),
(252, 'Bu Makromah', 26),
(253, 'Mbh Maridin', 24),
(254, 'Wagiman', 26),
(255, 'Mbok Ngatri', 22),
(256, 'Yu Patimah', 25),
(257, 'Bapak Mui', 27),
(258, 'Bapak Semu', 22),
(259, 'Mbh Arsudin', 24),
(260, 'Bapak Kemali', 27),
(261, 'Mbh Ismail', 24),
(262, 'Bapak Wagirin', 27),
(263, 'Supardi ', 26),
(264, 'Ibu Rodikyah', 27),
(265, 'Mbh Busidin', 24),
(266, 'Mbok Ngatminah', 22),
(267, 'Nur Hayati ', 26),
(268, 'Moh Imam Fauzi', 28),
(269, 'Mbh Pakah', 24),
(270, 'Maryam', 26),
(271, 'Mbh Sani', 24),
(272, 'Ibu Siatun', 27),
(273, 'Moh Abdul Qosim', 28),
(274, 'Mbok Sapunah', 26),
(275, 'Bpk Rukyan', 24),
(276, 'Ibu Suniah', 27),
(277, 'Moh Zainuri', 28),
(278, 'Bapak Ramelan', 22),
(279, 'Bpk nono', 24),
(280, 'Mbok Rapikyah', 25),
(281, 'Mbok Darinah', 26),
(282, 'Bpk Madi', 24),
(283, 'Bu Sianah', 26),
(284, 'Mbh Slamin', 24),
(285, 'Yai Saman', 25),
(286, 'Mbok Temi', 28),
(287, 'Ibu Jasemi', 22),
(288, 'Bapak Warten', 25),
(289, 'Mbok Sari', 28),
(290, 'Mbh Tilem', 24),
(291, 'Bapak Marda.i', 26),
(292, 'Bapak Rai', 25),
(293, 'Mbok Latifah', 28),
(294, 'Mbh Jumain', 24),
(295, 'Setia Budi', 26),
(296, 'Bapak Sahar', 25),
(297, 'Mbok Marlinah', 28),
(298, 'Mbh Slaman', 24),
(299, 'Mbah Jupri', 22),
(300, 'Bpk Artiman', 26),
(301, 'Mbh Atna', 24),
(302, 'Bapak Prayit', 25),
(303, 'Mbok Nursimah', 26),
(304, 'Mbok Lamijah', 27),
(305, 'Ahmad Sari', 24),
(306, 'Ibu Musofah', 22),
(307, 'Siti Semuna', 24),
(308, 'Ibu Atria', 22),
(309, 'Bapak Senedin', 26),
(310, 'Bapak Ramendun', 25),
(311, 'Bapak Kamari', 22),
(312, 'Mbah Sengari', 25),
(313, 'Mat Hasan', 27),
(314, 'Mbah Yaman', 27),
(315, 'Bapak Slamet', 22),
(316, 'Mbah Tumini', 25),
(317, 'Mbah Rusmini', 27),
(318, 'Bpk Daem', 26),
(319, 'Ibu Rajiyem', 22),
(320, 'Mbok Patemi', 28),
(321, 'Mbok Rapik', 27),
(322, 'Mbh Jeber', 24),
(323, 'Pak Timbang', 27),
(324, 'Mbok Rafik', 28),
(325, 'Bu Alfiah', 26),
(326, 'Mbah Klepat', 22),
(327, 'Mbok Ngatiyah', 27),
(328, 'Mbh Gidin', 24),
(329, 'Yai Sateb', 28),
(330, 'Erina Agustiyah', 25),
(331, 'Bpk Saki', 26),
(332, 'Yai Semat', 28),
(333, 'Bapak Khalil', 22),
(334, 'Mbh Nurjati', 24),
(335, 'Bpk Sarimin', 26),
(336, 'Mbh Naisa', 24),
(337, 'Bapak Daun', 25),
(338, 'Yai Rameli', 28),
(339, 'Mbh Nirman', 24),
(340, 'Mukhalimah', 25),
(341, 'Yai Radimen', 28),
(342, 'Bpk Rosadi', 24),
(343, 'Ibu Sulaikha', 24),
(344, 'Yai Lasiman', 28),
(345, 'Bapak Sariban', 22),
(346, 'Bpk Ngatemin', 26),
(347, 'Nyai Rameli', 28),
(348, 'Suroso', 26),
(349, 'Bapak Basir', 22),
(350, 'Nyai Sarnam', 28),
(351, 'Bapak Mesto', 28),
(352, 'Satulin', 22),
(353, 'Muliatno', 22),
(354, 'Bapak Sopi.i', 28),
(355, 'Bpk Sukari', 29),
(356, 'Bapak Kasim', 28),
(357, 'Mbh Sapunah', 29),
(358, 'Mulyono', 22),
(359, 'Nuri Abidah', 28),
(360, 'Mbok Suratin', 26),
(361, 'Bu Marwi', 29),
(362, 'Bu Riamah', 26),
(363, 'Riati', 28),
(364, 'Ibu Utami', 30),
(365, 'Mbah Darni', 22),
(366, 'Bpk Alpiyah', 29),
(367, 'Darmo', 28),
(368, 'Bpk Rohmad', 26),
(369, 'Bapak Nasikat', 22),
(370, 'Mbak Liati', 30),
(371, 'Ruba.i', 28),
(372, 'Marjoko', 29),
(373, 'Bu Carmirah', 26),
(374, 'Mbh Landep', 29),
(375, 'Ibu Darminah', 22),
(376, 'Deni', 29),
(377, 'Yai Arsimun', 30),
(378, 'Yumik', 28),
(379, 'Muhammad Nur', 29),
(380, 'Bu Jairah', 26),
(381, 'Bapak Nur Hadi', 22),
(382, 'Mbok Siti', 30),
(383, 'Rifatul Ghusniah', 28),
(384, 'Bpk Ngadiono', 29),
(385, 'Yai Laseno', 30),
(386, 'Yai Dollah', 26),
(387, 'Ibu Nasrik', 22),
(388, 'Buyut Warijah', 28),
(389, 'Mbok Tiara', 30),
(390, 'Mbh Khamid', 29),
(391, 'Mbak Mardiyah', 26),
(392, 'Ibu Marsuci', 28),
(393, 'Mbah Miseruri', 22),
(394, 'Bapak Tarub', 28),
(395, 'Moh Slamet', 28),
(396, 'Dzakir Almer Daifullah', 29),
(397, 'Mak John', 26),
(398, 'Bu Niayah', 25),
(399, 'Mak Sumiatin', 26),
(400, 'Bapak Suwandi', 25),
(401, 'Mbah Muliati', 22),
(402, 'Putu Sundari ', 26),
(403, 'Bapak Rahmad Hasim', 25),
(404, 'Ibu Istiani', 22),
(405, 'Ibu Sundari', 29),
(406, 'Bapak Yusuf', 25),
(407, 'Mak Ginten', 29),
(408, 'Mbah Lasina', 25),
(409, 'Ibu Wuwul Kurniasari', 22),
(410, 'Mbah Parto Darmin', 29),
(411, 'Bapak Khamid', 26),
(412, 'Bapak Ngadiono', 22),
(413, 'Mbah Tayib', 25),
(414, 'Bu Riyamah', 29),
(415, 'Pak Wajib', 26),
(416, 'Ibu Buasri', 25),
(417, 'Bapak Daim', 29),
(418, 'Ibu Darmani', 22),
(419, 'Wak Riamah ', 26),
(420, 'Bapak Johan', 29),
(421, 'Mbok Minten', 29),
(422, 'Bapak Nodo', 25),
(423, 'Muhammad Nur', 29),
(424, 'Mbah Kiswanto', 22),
(425, 'Dzaka Daifullah', 29),
(426, 'Mbah Sima', 22),
(427, 'Ibu Sitiana', 28),
(428, 'Ginten ', 26),
(429, 'Mbok Ratun', 29),
(430, 'Ibu Kasiati', 22),
(431, 'Mbok Sukati', 26),
(432, 'Mbok Satemi', 28),
(433, 'Pak Munajib', 29),
(434, 'Mbok Artima ', 26),
(435, 'Pak Men', 29),
(436, 'Bapak Mudawam', 28),
(437, 'Bapak Asim', 28),
(438, 'Mbok Yah', 29),
(439, 'Cak Taseri', 26),
(440, 'Mbok Satik', 29),
(441, 'Mat Sapi.i', 28),
(442, 'Mbah Naim', 29),
(443, 'Cak Johan', 26),
(444, 'Ibu Lasmi', 28),
(445, 'Ibu Matromah', 29),
(446, 'Bapak Haji Sulaiman', 28),
(447, 'Mbah H. Muin', 30),
(448, 'Mbok Natun', 28),
(449, 'Mbok Ratun', 26),
(450, 'Ibi Saliamah Binti Said', 29),
(451, 'Bapak Karsan', 31),
(452, 'Mbah Murtosiah', 30),
(453, 'Mohammad Nur', 29),
(454, 'BPK Marsidin', 26),
(455, 'Mbah Nur Ali', 30),
(456, 'Mbok Jainten', 31),
(457, 'Mbah Suwarsih', 30),
(458, 'Ahmad Azzam Nur Wahid', 29),
(459, 'Mbok Poninten', 30),
(460, 'Bapak Sarmo', 31),
(461, 'Ibu Nadirotul Hasanah', 26),
(462, 'Mbok Matar', 30),
(463, 'Ibu Alima', 26),
(464, 'Rokhana', 31),
(465, 'Lilis Suryati', 29),
(466, 'Bapak M. Mansur', 30),
(467, 'Ibu Watina', 26),
(468, 'Minten', 29),
(469, 'Bapak Isqak', 30),
(470, 'Mbok Alimah', 29),
(472, 'Ibu Tiana', 25),
(473, 'Bapak Moestofa', 32),
(474, 'Ibu Watini', 29),
(475, 'Bapak Syakur', 32),
(476, 'Aulia Rahmadani', 25),
(477, 'Bapak Mustakim', 31),
(478, 'Bapak Alipi', 32),
(479, 'Bapak Saruwi', 32),
(480, 'Pitono', 31),
(481, 'Bapak Sukari', 33),
(482, 'Bapak Sudarto', 32),
(483, 'Bu Makromah', 33),
(484, 'Bapak Haji Mulyono', 32),
(485, 'Wagiman', 33),
(486, 'Mbah Kastini', 32),
(487, 'Supardi', 33),
(488, 'Adik Sukirno', 32),
(489, 'Nur Hayati', 33),
(490, 'Pak Lek Jaelani', 32),
(491, 'Aluwiono', 31),
(492, 'Maryam', 33),
(493, 'Mbok Sapunah', 33),
(494, 'Pak Abdul Aziz', 32),
(495, 'Mbah Tasmi', 34),
(496, 'Mbok Darinah', 33),
(497, 'Mbok Kinaya', 31),
(498, 'Pak Ahmad', 32),
(499, 'Yai Satib', 32),
(500, 'Mbok Sianah', 33),
(501, 'Bapak Tajam', 35),
(502, 'Anak Nurul Mashudi', 32),
(503, 'Bapak Mardai', 33),
(504, 'Samun', 32),
(506, 'Bu Liana', 32),
(508, 'Mbah Rumijah', 34),
(509, 'Baita', 32),
(510, 'Mbah Mariam', 35),
(512, 'Mbah Carikmin', 34),
(513, 'Mbok Rafik', 32),
(514, 'Bu Mos', 32),
(515, 'Bapak Rochmad', 36),
(516, 'Mbah Mat Sari', 34),
(517, 'Bu Riami', 32),
(518, 'Bapak M. Ashari', 36),
(520, 'Bapak H Nur Salim', 35),
(521, 'Bapak Sajid', 36),
(522, 'Bu Muntinah', 34),
(523, 'Bapak Haji Moeljono', 32),
(525, 'Mbok Atem', 36),
(526, 'Bu Sati', 34),
(527, 'Ibu Siti Nuzulia', 35),
(528, 'Bu Umiati', 34),
(529, 'Ibu Haji Siti Eka Ningsih', 32),
(530, 'Ula bin Fulan', 36),
(531, 'Siti Hindun', 35),
(532, 'Bu Wariatun', 34),
(533, 'Bapak Paimun', 31),
(534, 'Mbah Tasmina', 32),
(535, 'Ibu Poninten', 36),
(536, 'Bapak Sukarno', 32),
(537, 'Yai Salim', 35),
(538, 'Mustar', 34),
(539, 'Ibu Jumiati', 32),
(541, 'Kasiyanto', 34),
(542, 'Samsul Huda', 35),
(543, 'Bapak Joyo Supratman', 32),
(544, 'Hasan Bisri', 35),
(546, 'Mbah Sadinah', 32),
(547, 'Mbah Samirah', 32),
(548, 'Tari', 34),
(549, 'Ibu Juwariyah', 36),
(550, 'Siti Munawarah', 35),
(551, 'Ibu Piani', 36),
(552, 'M. Zazuli', 34),
(554, 'Mbok Muriatun', 35),
(556, 'Sucipto', 34),
(557, 'Bapak Atim', 36),
(558, 'Bapak Tawi', 34),
(559, 'Bapak Kasiyan', 36),
(561, 'Bapak Sarip', 34),
(562, 'Bapak Ilyas', 34),
(563, 'Yai Tasrib', 35),
(564, 'Bapak Salam', 31),
(565, 'Mbok Tarmi', 35),
(566, 'Mbok Darsih', 31),
(567, 'Mbah Asmawi', 34),
(568, 'Mbah Sumini', 34),
(570, 'Mbok Jainah', 34),
(571, 'Mbah Sari.ah', 37),
(572, 'Yai Salam', 37),
(573, 'Bapak Dait', 34),
(574, 'Yai Rameli', 38),
(575, 'Mbok Kariyem', 34),
(576, 'Yai Girin', 38),
(577, 'Yai Kader', 37),
(578, 'Mbah Rubinah', 34),
(579, 'Bapak Kasseri', 38),
(580, 'Mbok Kamsina', 31),
(581, 'Siti Romlah', 34),
(582, 'Mak Sariati', 38),
(583, 'Cak Satuman', 38),
(584, 'Ibu Iswari', 34),
(585, 'Mbok Kominten', 38),
(586, 'Bapak Marja.i', 31),
(587, 'Setia Budi', 33),
(588, 'Yai Marsinah ', 38),
(589, 'Bapak Artiman', 33),
(590, 'Mbok Kamini', 31),
(591, 'Mbok Nursimah', 33),
(592, 'Bapak Senedin', 33),
(593, 'Bapak Sunarko', 34),
(594, 'Bapak Aklar', 38),
(595, 'Bapak Daem', 33),
(596, 'Ibu Tuminah', 31),
(597, 'Bu Alfiah', 33),
(598, 'Bapak Sukur', 37),
(599, 'Mbak Bae.ah', 38),
(600, 'Bapak Saki', 33),
(601, 'Bapak Sariat', 37),
(603, 'Bapak Mutasin', 34),
(604, 'Mbok Siah', 35),
(605, 'Bapak Sarimin', 33),
(606, 'Mbah Karsih', 34),
(607, 'Mbok Samiatun', 37),
(608, 'Ibu Arba.ina', 38),
(609, 'Andik Widodo', 35),
(610, 'Bapak Ngatemin', 33),
(611, 'Bu Mukaya', 37),
(612, 'Siyanto', 33),
(613, 'H. Mas.ul Ashad', 31),
(614, 'Bapak Satam', 35),
(615, 'Suroso', 33),
(616, 'Yai Girun', 38),
(617, 'Susriani', 37),
(618, 'Mbok Suratin', 33),
(619, 'Bu Riamah', 33),
(620, 'Haji Ibrahim', 37),
(621, 'Siti Zulaikha ', 38),
(622, 'Mbok Tun', 37),
(623, 'Bapak Rahmad', 33),
(624, 'Yai Lan', 37),
(625, 'Mbok Aminah', 38),
(626, 'Bapak Sahid', 37),
(627, 'Yai Mat Daib', 35),
(628, 'Bu Carmirah', 33),
(629, 'Bapak Darsam ', 38),
(630, 'Bu Jairah', 33),
(631, 'Mbah Supiyah', 35),
(632, 'Yai Dollah', 33),
(633, 'H. Abdul Rokhim', 38),
(634, 'Ibu Wasikah', 37),
(635, 'Ibu Lutfia', 35),
(636, 'Mbok Siamah', 39),
(637, 'Bu Arifah', 38),
(638, 'Mbok Mardiyah', 33),
(639, 'Ibu Hj Komariah', 35),
(640, 'Bapak Soleh', 35),
(641, 'Ibu Mutmainah', 35),
(642, 'Mbah Hj Sateni', 35),
(643, 'Eko Wahyudi', 35),
(644, 'Hj Widarti', 35),
(645, 'Mak John', 33),
(646, 'Mak Sumiatin', 33),
(647, 'Putu Sundari', 33),
(648, 'Ja.far Asidiq', 38),
(649, 'Bapak Khamid', 33),
(650, 'Pak Wajib', 33),
(651, 'Wak Riamah', 33),
(652, 'Ginten', 33),
(653, 'Ibu Arbainah', 38),
(654, 'Mbok Sukati', 33),
(655, 'Ibu Mariyani', 37),
(656, 'Mbok Artimah', 33),
(657, 'Ibu Sana', 39),
(658, 'Bapak Sapawi', 37),
(659, 'Cak Taseri', 33),
(660, 'Mbok Warinah', 39),
(661, 'Cak Johan', 33),
(662, 'Bapak Patimin', 37),
(663, 'Mbok Ratun', 33),
(664, 'Bapak Drai', 40),
(665, 'Haji Siti Fatimah', 37),
(666, 'Bapak Marsidin', 33),
(667, 'Pak Kaliyo', 37),
(668, 'Ibu Riani', 40),
(669, 'Ibu Supiyah', 37),
(670, 'Ibu Nadirotul Hasanah', 33),
(671, 'Mak Ya /Supiyah', 37),
(672, 'Ibu Alimah', 33),
(673, 'Bapak Mukri Iskandar', 40),
(674, 'Ibu Haji Siti Qomariyah', 37),
(675, 'Ibu Watini', 33),
(676, 'Mbah Saikun', 40),
(677, 'Suprapto', 37),
(678, 'Ibu Subandiah', 39),
(679, 'Satuka', 37),
(680, 'Mbah Aminten', 40),
(681, 'Yai Ramelan', 37),
(683, 'Mbah Madrani', 40),
(684, 'Ibu Ngatmiaten', 39),
(685, 'Mbok Kumiatun', 37),
(686, 'Mbah Tasmini', 40),
(687, 'Bapak Akub', 39),
(688, 'Lek Toha', 37),
(689, 'Ibu Futikhat', 38),
(690, 'Mbah Tasmi', 41),
(691, 'Manshuri', 37),
(692, 'Mbah Daseri', 40),
(693, 'Bapak Anhar', 37),
(694, 'Nanik Setiowati', 39),
(695, 'Bapak Samsuri', 37),
(696, 'Mbah Dasirah', 40),
(697, 'Bapak Katrawi ', 38),
(698, 'Bapak Jalal', 37),
(699, 'Mbah Tari', 41),
(700, 'Mbok Painten', 38),
(701, 'Ibu Arpiaten', 39),
(702, 'Mbah Kapi', 40),
(703, 'Mbah Sarmo', 41),
(704, 'Mbok Lasinah', 39),
(705, 'Yai Siamun', 40),
(706, 'Ari Tri Wardana', 38),
(707, 'Bu Muntinah', 41),
(708, 'Bapak Satemen', 42),
(709, 'Bapak Marsam', 39),
(710, 'Bu Saini', 42),
(711, 'Bu Satia', 42),
(712, 'Bu Rumijah', 41),
(713, 'Bapak Sarkawi', 40),
(714, 'Mbok Kaminten', 39),
(715, 'Mbah Syamsuri', 42),
(716, 'Bapak Taib', 39),
(717, 'Bapak Badri', 40),
(718, 'Mbah Maliha', 42),
(719, 'Bu Tarmi', 41),
(720, 'Mbah Karnadi', 42),
(721, 'Ibu Tiama', 40),
(722, 'Adik Fulaina', 42),
(723, 'Bu Mukayah', 41),
(724, 'Ibu Wartin', 40),
(725, 'Bu Sapuah', 41),
(726, 'Adik Slamet', 42),
(727, 'Bapak Legimoh', 39),
(728, 'Bu Waritun', 41),
(729, 'Bapak Sukur', 43),
(730, 'KH Muhammad Ali', 42),
(731, 'Bapak Tawi', 41),
(732, 'Bapak Sukin', 40),
(733, 'Mbah Sriah', 42),
(734, 'Bapak Ra.is', 43),
(735, 'Bapak Mochtar', 41),
(736, 'Ibu Siati', 40),
(737, 'HJ Siti Fatimah', 42),
(738, 'Bapak Rachmad', 41),
(739, 'Bapak Kayat', 43),
(740, 'Bapak Marpuk', 41),
(741, 'Rahmad Dermawan', 42),
(742, 'Bapak Asim', 40),
(743, 'Mbah Sarikun', 42),
(744, 'Bapak Mi.an', 41),
(745, 'Ibu Asmani', 39),
(746, 'Bapak Sariban', 43),
(747, 'Bapak Buang', 41),
(748, 'Bapak Suriyat', 43),
(749, 'Bapak Toha', 40),
(750, 'Bapak Na.im', 39),
(751, 'Bapak Haji Ibrahim', 43),
(752, 'Ibu Dewi', 40),
(753, 'Bapak Sopyan', 41),
(754, 'Bapak Matsari', 41),
(755, 'Ibu Sulikah', 40),
(756, 'Bapak Kuswandi', 41),
(757, 'Bapak Sami.an', 43),
(758, 'Kasiyanto', 41),
(759, 'Mboo Samiatun', 43),
(760, 'Mbok Kiyah', 41),
(761, 'Ibu Wulandari', 40),
(762, 'Mbok Yamuna', 43),
(763, 'Mbok Paimo', 43),
(764, 'Mbok Atim', 41),
(765, 'Ibu Yunul Khalilah', 40),
(766, 'Bu Mukayatin', 43),
(767, 'Bu Watinah', 43),
(768, 'Sayutik', 40),
(769, 'Mbok Murti', 41),
(770, 'Mbah Sholikhatin', 43),
(771, 'Slamet Budiono', 40),
(772, 'M. Zazuli', 41),
(773, 'Mbok Ti', 39),
(774, 'Zulaikhah', 40),
(775, 'Mbah Salam', 43),
(776, 'Much. Budiono', 39),
(777, 'Yai Kadir', 43),
(778, 'Arizena ', 40),
(779, 'Suprapto', 43),
(780, 'Satukah', 43),
(781, 'Bapak Sanali', 39),
(782, 'Susriani', 43),
(783, 'Mar Atus Sholichah', 44),
(784, 'Kasiani', 43),
(785, 'Bapak Santanu', 39),
(786, 'Arik Subrianto', 40),
(787, 'Toha', 43),
(788, 'Mbok Kamini', 44),
(789, 'Mas.ud', 43),
(790, 'Mbah Yah', 39),
(791, 'Bapak Dulamat', 40),
(792, 'Mbah Matrawi', 44),
(793, 'Markhamah', 43),
(794, 'Mbah Saruki', 44),
(795, 'Anjir Feni Susanto', 39),
(796, 'Bapak Karnadi', 44),
(797, 'Nyai Salamah', 43),
(798, 'Mbok Gina', 44),
(799, 'Sariah', 43),
(800, 'Mbah Sidiq', 44),
(801, 'Haji Fatimah', 43),
(802, 'Yai Kanafi', 39),
(803, 'Mbah Natin', 44),
(804, 'Bapak Samsuri', 43),
(805, 'Mbok Sati ah', 44),
(806, 'Mbah Samsuri', 44),
(807, 'Mbok Warsih', 39),
(808, 'Mbah Supiyah', 43),
(809, 'Ibu Sati ah', 44),
(810, 'Bapak Anhar', 43),
(811, 'Bapak Winoto', 39),
(812, 'Ibu Kustiam', 39),
(813, 'Bapak Satemen', 44),
(814, 'Ibu Malikha', 44),
(815, 'Ibu Khulsum', 39),
(816, 'Mak Dola', 44),
(817, 'Puji Astuti', 44),
(818, 'Ibu Masriah', 44),
(819, 'Bapak Karnadi', 44),
(820, 'Mbok Wagina', 44),
(821, 'Bapak Darsam', 45),
(822, 'Mbok Run', 45),
(823, 'Bapak Rakimin', 45),
(824, 'Bapak Rohmad', 46),
(825, 'Anis Sa.adah', 45),
(826, 'Bapak Samadi', 46),
(827, 'Bu Khanifah', 46),
(828, 'Yas Ikhsan', 46),
(829, 'Mar Atus sholicha', 46),
(830, 'Bapak Saruki', 46),
(831, 'Bapak Dollah', 46),
(832, 'Mbok Kamini', 46),
(833, 'Mbah Natin', 46),
(834, 'Yai Matrawi', 46),
(835, ' Mbak Yu Muslichah', 46),
(836, 'Mbah Temin', 46),
(837, 'Mbah Kasiani', 46),
(838, 'Yai Saniman', 46),
(839, 'Mbok Siti Khalimah', 46),
(840, 'Bapak Arief', 45),
(841, 'Farin', 46),
(842, 'Yai Saliman', 46),
(843, 'Mbok Arief', 45),
(844, 'Yai Diro', 46),
(845, 'Mbok Latipah ', 46),
(846, 'Yai Mardani', 45),
(847, 'Ibu Masriah', 46),
(848, 'Ibu Romlah', 46),
(849, 'Sodik', 45),
(850, 'Mbah Amirun', 46),
(851, 'Mbah Mi.un', 45),
(852, 'Bapak Bai', 45),
(853, 'Nyari Ndari', 45),
(854, 'Bapak Saniwan', 45),
(855, 'Bapak Dulapi', 45),
(856, 'Mbok Sumiati', 45),
(857, 'Mbok Natin', 45),
(858, 'Mbah Saruki', 45),
(859, 'Bapak Lokmar / Ba.i', 45),
(860, 'Bapak Su', 45),
(861, 'Ibu Maschanah', 45),
(862, 'Mak Tini', 41),
(863, 'Yai Dasio', 41),
(864, 'Mbok Jainah', 41),
(865, 'Mbah Bini', 41),
(866, 'Mbah Sres', 41),
(867, 'Mbah Sijian', 41),
(868, 'Budhe Misini', 41),
(869, 'Mbok Wasni', 45),
(870, 'Mbok Kasitun', 45),
(871, 'Mbok Temin', 45),
(872, 'Mbok Kasiani', 45),
(873, 'Bapak Taral', 45),
(874, 'Bapak Talib', 45),
(875, 'Ibu Misri', 45),
(876, 'Ibu Natin', 45),
(877, 'Mbok Nihaya', 45),
(878, 'Nihaya', 45),
(879, 'Ibu Satupa', 45),
(880, 'Ibu Ngateni', 45),
(881, 'Bapak Usman', 45),
(882, 'Ibu Sumiati', 47),
(883, 'Bapak Darsam', 47),
(884, 'Bapak Temin', 47),
(885, 'Bapak Rakimin', 47),
(886, 'Mbok Kasiani', 47),
(887, 'Mbok Ruminah', 47),
(888, 'Mbok Aminten', 47),
(889, 'Bapak Samto', 47),
(890, 'Ibu Jamila / Ibu Jumila', 47),
(891, 'Bapak Saruki', 47),
(892, 'Mbok Boynem', 47),
(893, 'Mbah Satupa', 47),
(894, 'Bapak Ba.i', 47),
(895, 'Much. Nursali', 48),
(896, 'Mursyid', 48),
(897, 'H. Fatchullah', 48),
(898, 'Siti Raimah', 48),
(899, 'Mbok Martuni', 48),
(900, 'Moch. Jubli', 48),
(901, 'Rumsiyah', 48),
(902, 'Ibu Martini', 48),
(903, 'Mbok Nah', 48),
(904, 'Ibu Tatik', 48),
(905, 'Ibu Misnah', 48),
(906, 'Bapak Semu', 48),
(907, 'Ibu Warsini', 48),
(908, 'Ibu Masofah', 48),
(909, 'Ibu Sanimah', 48),
(910, 'Mbok Lasmi', 48),
(911, 'Ibu Lasmi', 48),
(912, 'Mbak Tiha', 48),
(913, 'Bapak H. Shomad', 49),
(914, 'Bapak Sudjarum', 49),
(915, 'Bapak Abdul Rifa.i', 49),
(916, 'Ibu Mariah', 49),
(917, 'Ibu Tuminah', 49),
(918, 'Bapak M. Sholeh', 49),
(919, 'Bapak Supeno', 49),
(920, 'Mbah Marto Kemi', 50),
(921, 'Ibu Sodikyah', 50),
(922, 'Mail', 50),
(923, 'M. Zazuli', 50),
(924, 'Bapak Pairin', 50),
(925, 'Ibu Samuah', 50),
(926, 'Ibu Kamsiah', 50),
(927, 'Bapak Minin', 50),
(928, 'Bu Mutmainah', 50),
(929, 'Bu Suwaidah', 50),
(930, 'Bu Tasmina', 50),
(932, 'TEST', 59),
(933, 'Bpk. kastari', 60),
(934, 'Bpk. Salikan', 60),
(935, 'Bpk. tamsir', 60),
(936, 'Bpk. Tamanu', 60),
(937, 'Ibu utami', 62),
(938, 'Bpk. Marsikan', 60),
(939, 'Mbak liati', 62),
(940, 'Bpk. Ngatemin', 60),
(941, 'yai arsimun', 62),
(942, 'mbok jami.', 61),
(943, 'Pak Tajam', 63),
(944, 'mbok siti', 62),
(945, 'Bpk. Samat', 60),
(946, 'mbok sainem', 61),
(947, 'yai laseno', 62),
(948, 'Bpk. Tasuri', 60),
(949, 'mbok tiara', 62),
(950, 'mbok manirah', 61),
(951, 'Pak Malikha', 63),
(952, 'mbah H mu.in', 62),
(953, 'mbok ponirah', 61),
(954, 'mbah satib', 61),
(955, 'mbah murtasiah', 62),
(956, 'mbah nur ali', 62),
(957, 'H. Maimunah', 63),
(958, 'mbah sengkleh', 61),
(959, 'mbah suwarsih', 62),
(960, 'bu warsi', 61),
(961, 'suyadi', 61),
(962, 'Pak Salamun (Gresik)', 63),
(963, 'sukadi', 61),
(964, 'mbok poninten', 62),
(965, 'mbok matar', 62),
(966, 'Bpk. Nahrowi', 60),
(967, 'supardi', 61),
(968, 'bpk muh mansur', 62),
(969, 'Bu Bainah', 63),
(970, 'bpk iskhak', 62),
(971, 'bpk patimen', 61),
(972, 'Bpk. Warsim', 60),
(973, 'Aminah', 63),
(974, 'bpk h. khamli', 61),
(975, 'Mujiati', 63),
(976, 'bu yanti', 61),
(977, 'mbah supiyah', 61),
(978, 'bpk mu.i', 64),
(979, 'pono', 61),
(980, 'bpk kemali', 64),
(981, 'Pak Timin', 63),
(982, 'bu waras', 61),
(983, 'bpk wagirin', 64),
(984, 'ibu rodikya', 64),
(985, 'paiman', 61),
(986, 'Pak Wagiren', 63),
(987, 'ibu siyatun', 64),
(988, 'mbok lamija', 64),
(989, 'bpk samsuri', 61),
(990, 'mad hasan', 64),
(991, 'Yai Warimen', 63),
(992, 'laminatun', 61),
(993, 'mbah yaman', 64),
(994, 'BPK bilal', 65),
(995, 'siti maisaroh', 61),
(996, 'mbah rusmini', 64),
(997, 'Mbok Jariyah', 63),
(998, 'mbok rapik', 64),
(999, 'BPK rochmad', 65),
(1000, 'bu minem', 61),
(1001, 'pak timbang', 64),
(1002, 'mbok ngatiyah', 64),
(1003, 'Pak Rohmad', 63),
(1004, 'BPK kastubi', 65),
(1005, 'ibu waqidah', 64),
(1006, 'Miskah', 63),
(1007, 'Legina', 63),
(1008, 'mbah mani', 66),
(1009, 'mbah denun', 66),
(1010, 'Legima', 63),
(1011, 'Bu mas.amah', 65),
(1012, 'mbah suriati', 66),
(1013, 'Musni', 63),
(1014, 'mbah li', 66),
(1015, 'Bu kamirah', 65),
(1016, 'mbah lipan', 66),
(1017, 'pinami', 65),
(1018, 'Muriati', 63),
(1019, 'mbah rahmad', 66),
(1020, 'mbah kami', 66),
(1021, 'nur salim', 65),
(1022, 'Bpk Satam', 63),
(1023, 'mbok kasih', 65),
(1024, 'mbah binti', 66),
(1025, 'mbok sarpuah', 68),
(1026, 'mbah salam', 66),
(1027, 'Andik Widodo', 63),
(1028, 'mak tasripah', 68),
(1029, 'mbah mini', 66),
(1030, 'YAI lasemun', 65),
(1031, 'nur hayati', 68),
(1032, 'mbah sapi.yah', 66),
(1033, 'YAI juri', 65),
(1034, 'Bpk Kaimun', 63),
(1035, 'mbah kasturi', 66),
(1036, 'sihab', 65),
(1037, 'siti rohmah', 68),
(1038, 'Pak Nodo', 63),
(1039, 'mbah ismail', 66),
(1040, 'bpk daim', 68),
(1041, 'BPK sarkawi', 65),
(1042, 'yai kasbun', 68),
(1043, 'mbah paisah', 66),
(1044, 'Ibu Tiana', 63),
(1045, 'mbok kamsiah', 68),
(1046, 'Bu Siti Aminah ', 65),
(1047, 'bpk kastubi', 66),
(1048, 'bpk madurakim', 68),
(1049, 'mbok kasemi', 68),
(1050, 'mbok darmi', 65),
(1051, 'Yulaikha', 63),
(1052, 'bpk marizen', 66),
(1053, 'mbok sukaini', 68),
(1054, 'Ibu Mujayatin', 63),
(1055, 'mbok wari.ah', 65),
(1056, 'bpk ngatemen', 66),
(1057, 'yai warimin', 68),
(1058, 'bpk kamari', 66),
(1059, 'BPK Ridwan ', 65),
(1060, 'Ibu Yatemi', 63),
(1061, 'bpk ponaji', 66),
(1062, 'bpk khamid', 66),
(1063, 'agus salim', 68),
(1064, 'Dul Jalal', 63),
(1065, 'BPK panaji', 65),
(1066, 'ibu munipah', 66),
(1067, 'mbah wartin', 68),
(1068, 'Mbah selan ', 65),
(1069, 'ibu rupi.yah', 66),
(1070, 'Bpk Tasemin', 63),
(1071, 'ibu mursiah', 68),
(1072, 'ibu sumarsih', 66),
(1073, 'nur janah', 68),
(1074, 'mbok. sapuna', 60),
(1075, 'Bpk Dolah', 63),
(1076, 'h.rusdi', 66),
(1077, 'Bpk Daud', 63),
(1078, 'Mbah Marto sardju', 65),
(1079, 'bpk suryat', 66),
(1080, 'fauzul', 68),
(1081, 'mbok. warsima', 60),
(1082, 'Mbah sami', 65),
(1083, 'mbok kamsiah', 68),
(1084, 'mbah sunarti', 66),
(1085, 'mbah sukur', 66),
(1086, 'mbok. sukati', 60),
(1087, 'mbok tun', 68),
(1088, 'Mbah supiyah', 65),
(1089, 'bpk kadir', 66),
(1090, 'panidi', 68),
(1091, 'mbah kaliyo', 66),
(1092, 'mbok. rukaya', 60),
(1093, 'bulek watik', 65),
(1094, 'mbah arip', 66),
(1095, 'mbok. samat', 60),
(1096, 'mbah sarimun', 66),
(1097, 'mas agus', 65),
(1098, 'mbok. tin', 60),
(1099, 'sanari', 69),
(1100, 'mbah samiatun', 66),
(1101, 'sulastri', 69),
(1102, 'yai tarsiman', 60),
(1103, 'mbok warsiti', 69),
(1104, 'yai marsait', 66),
(1105, 'bpk sanari', 69),
(1106, 'pak lek samingun', 65),
(1107, 'cak suroso', 60),
(1108, 'mbok wariah', 66),
(1109, 'sariani', 69),
(1110, 'Mbah Kusen', 70),
(1111, 'sianto', 60),
(1112, 'yai nuryah', 69),
(1113, 'mbok warliyah', 66),
(1114, 'bek poniti', 60),
(1115, 'ibu salmiarsih', 65),
(1116, 'pak ratemen', 69),
(1117, 'Mbah Warsiyah', 70),
(1118, 'bek suwani', 60),
(1119, 'bpk maridin', 66),
(1120, 'mbok syariyah', 65),
(1121, 'mbok busana', 60),
(1123, 'muhammad sip', 66),
(1124, 'satuna', 69),
(1125, 'mbok sribana', 60),
(1126, 'pak tiamen', 69),
(1127, 'BPK taeb', 65),
(1128, 'mbok rosidah', 66),
(1129, 'mbok nyai muna', 60),
(1130, 'mbok samirah', 69),
(1131, 'budiono', 60),
(1132, 'mbok aliayah', 66),
(1133, 'Dewi fu.adah', 65),
(1134, 'Mbah Fatima', 70),
(1135, 'yaimo', 69),
(1136, 'panji', 60),
(1137, 'moh yusuf', 69),
(1138, 'hj sulikhah', 66),
(1139, 'yai taman', 69),
(1140, 'ibu suliah', 60),
(1141, 'Mbah Mukelar', 70),
(1142, 'Bu Murti', 50),
(1143, 'bpk pujiono', 66),
(1144, 'cak makin', 69),
(1145, 'bpk widodo', 66),
(1146, 'bpk sholeh', 69),
(1147, 'hj.mar.atus sholichah', 65),
(1148, 'bu sainem', 69),
(1149, 'mbah bakri', 66),
(1150, 'mbok warmi', 69),
(1151, 'Mbah Seman', 70),
(1152, 'bpk ali wafa', 66),
(1153, 'Bapak Saleman', 50),
(1154, 'm.iwan efendi', 65),
(1155, 'Bapak Ramelan', 50),
(1156, 'bpk sokheh', 66),
(1157, 'bpk ali wafa', 69),
(1158, 'Mbah Sarmina', 70),
(1159, 'bpk salikan', 71),
(1160, 'heri', 69),
(1161, 'Mbok Sutami', 50),
(1162, 'Bu latipah', 65),
(1163, 'bpk tamanu', 71),
(1164, 'mbom darkasih', 69),
(1165, 'adik shonhaji', 66),
(1166, 'Bapak Tono', 50),
(1167, 'Bu waekah', 65),
(1168, 'bpk tamsir', 71),
(1169, 'ibuk tiani', 69),
(1170, 'Bu Riati', 50),
(1171, 'Mbah Wartin', 70),
(1172, 'mbah supiyah', 66),
(1173, 'bapak tasuri', 71),
(1174, 'Bapak Kusnadi', 50),
(1175, 'ahmad bahaudin', 66),
(1176, 'BPK suroto', 65),
(1177, 'bpk taslan', 69),
(1178, 'Mbah Asri', 70),
(1179, 'bpk warsim', 71),
(1180, 'Bu Sholikhah', 50),
(1181, 'bpk zaini', 66),
(1182, 'bpk ahmad', 69),
(1183, 'ibu Ernawati ', 65),
(1184, 'bpk kastari', 71),
(1185, 'Nyari Muna', 70),
(1186, 'ibu taminah', 69),
(1187, 'mbok sapunah', 71),
(1188, 'Bu Suliati', 50),
(1189, 'budiono', 71),
(1190, 'Mbah Haji Jaelani', 70),
(1191, 'ibu arie setyorini', 65),
(1192, 'mbkj warsina', 71),
(1193, 'mbah tarsiman', 71),
(1194, 'ibu juma.ati', 65),
(1195, 'Mbah Nasriah', 70),
(1196, 'nyai nuriyah', 69),
(1197, 'mbah tarsih', 71),
(1198, 'ibu Sumarsih ', 65),
(1199, 'sarniti', 71),
(1200, 'Bpk Buari', 70),
(1201, 'wasita', 71),
(1202, 'liana', 71),
(1203, 'BPK Ashari wiji', 65),
(1204, 'Ibu Sri Wahyuni', 70),
(1205, 'mbah mani', 72),
(1206, 'bpk sucipto', 69),
(1207, 'nyai muna', 71),
(1208, 'Bapak Saikun', 73),
(1209, 'mbah denun', 72),
(1210, 'hendrik', 71),
(1211, 'joko suwito', 65),
(1212, 'Bpk Hasan', 70),
(1213, 'mbah suriyati', 72),
(1214, 'Ibu Aminten', 73),
(1215, 'jito', 65),
(1216, 'mbah li', 72),
(1217, 'mbok sribana', 71),
(1218, 'Bapak Ngademun', 73),
(1219, 'Ibu Zulaikha', 70),
(1220, 'mbah ripan', 72),
(1221, 'Susiayah', 73),
(1222, 'mbah rahmad', 72),
(1223, 'mbah kami', 72),
(1224, 'ibu kinaya', 71),
(1225, 'Sulistina', 73),
(1226, 'Ibu Ninik Rahayu', 70),
(1227, 'mbah binti', 72),
(1228, 'bpk martosandiman', 74),
(1229, 'bpk panji', 71),
(1230, 'Janib', 73),
(1231, 'mbah salam', 72),
(1232, 'mbok kasiman', 74),
(1233, 'mas budi', 71),
(1234, 'mbah mini', 72),
(1235, 'Muhammad Irmala', 73),
(1236, 'bpk kasrun', 74),
(1237, 'bpk Abdullah Pasuruan ', 71),
(1238, 'mbah sapi.yah', 72),
(1239, 'ibu ginten', 74),
(1240, 'Bapak Riayah', 73),
(1241, 'Ibu Satupa', 70),
(1242, 'ibu suliah', 71),
(1243, 'mbah kasturi', 72),
(1244, 'ibu tiana', 74),
(1245, 'Kasimah', 73),
(1246, 'mbah ismail', 72),
(1247, 'ibu kasmi', 74),
(1248, 'YAI arti', 75),
(1249, 'ibu sumarni randutelu', 71),
(1250, 'mbah paisah', 72),
(1251, 'Mbok Wateni', 73),
(1252, 'Ibu Mariani', 70),
(1253, 'adek suningsih', 74),
(1254, 'nyai arti', 75),
(1255, 'bpk kastubi', 72),
(1256, 'adek suwanti', 74),
(1257, 'Mbok Sarminten', 73),
(1258, 'bpk marizen', 72),
(1259, 'Mak Mutmainah', 70),
(1260, 'Bu katuni', 75),
(1261, 'mbok sapunah', 74),
(1262, 'Bapak Isram', 73),
(1263, 'bpk ngatemen', 72),
(1264, 'mbok riamah', 74),
(1265, 'bpk kamari', 72),
(1266, 'BPK matali', 75),
(1267, 'Nur Cholis Masjid', 70),
(1268, 'nyai darinah', 74),
(1269, 'Ibu Supiah', 73),
(1270, 'bpk panaji', 72),
(1271, 'mbok jami', 74),
(1272, 'Bpk Suwito', 70),
(1273, 'Ibu Rupiah', 73),
(1274, 'mbok nabsyiah', 76),
(1275, 'BPK markatab', 75),
(1276, 'Mak Tas', 73),
(1277, 'mbah toyib', 76),
(1278, 'lilis suryati', 74),
(1279, 'Bapak Madun', 73),
(1280, 'Bu sitin ', 75),
(1281, 'bpk miarso', 74),
(1282, 'pak de sarmawi', 76),
(1283, 'Ibu Poniti', 73),
(1284, 'bpk khamid', 72),
(1285, 'cak tiono', 74),
(1286, 'bpk wongso', 74),
(1287, 'Takrip', 73),
(1288, 'ibu munipah', 72),
(1289, 'mbak ita astutik', 76),
(1290, 'mbok sapunah', 75),
(1291, 'bpk sarimen', 74),
(1292, 'mbok ratun', 74),
(1293, 'Warsi', 73),
(1294, 'ibu ropiah', 72),
(1295, 'adek samsi', 74),
(1296, 'mbok lasri', 76),
(1297, 'BPK salikan ', 75),
(1298, 'bpk heri', 74),
(1299, 'Bapak Sapar', 73),
(1300, 'ibu sumarsih', 72),
(1301, 'mbok lasmini', 76),
(1302, 'bu warmi', 74),
(1303, 'Ibu Riani', 73),
(1304, 'BPK tarsiman ', 75),
(1305, 'h. rusdi', 72),
(1306, 'Bapak Karim', 73),
(1307, 'mbak ngadinah', 74),
(1308, 'nyai warti', 75),
(1309, 'bpk suryat', 72),
(1310, 'Bpk Warsim', 77),
(1311, 'mbok dariman', 74),
(1312, 'Bapak Sapat', 73),
(1313, 'mbah sunarti', 72),
(1314, 'mbah. H. mukti', 76),
(1315, 'yai salam', 74),
(1316, 'mbah syukur', 72),
(1317, 'Bapak Sarto', 73),
(1318, 'Mbah Sabanah', 77),
(1319, 'sarniti', 75),
(1320, 'mbah sariban', 76),
(1321, 'bpk kadir', 72),
(1322, 'mbok sariyah', 74),
(1323, 'Mbok Girah', 73),
(1324, 'mbah kalio', 72),
(1325, 'Mbah Sholeh', 77),
(1326, 'bu sainem', 74),
(1327, 'tamanu', 75),
(1328, 'buyut tabrani', 76),
(1329, 'mbah arip', 72),
(1330, 'Mbok Ti', 73),
(1331, 'Bejo ', 75),
(1332, 'Mbah Sribanah', 77),
(1333, 'Bapak Joyo', 73),
(1334, 'buyut dewi aminah', 76),
(1335, 'slamet', 75),
(1336, 'mbah sarimun', 72),
(1337, 'Andik Wiswoto', 73),
(1338, 'yai yakub', 76),
(1339, 'mbah samiatun', 72),
(1340, 'tamsir', 75),
(1341, 'Mbah Salikan', 77),
(1342, 'ibu lasmina', 76),
(1343, 'bpk siamon', 78),
(1344, 'Mbok Sar', 73),
(1345, 'yai marsaid', 72),
(1346, 'BPK tasuri', 75),
(1347, 'mbok kapi', 78),
(1348, 'Mbok Tas', 73),
(1349, 'narwiyah', 76),
(1350, 'mbok wariah', 72),
(1351, 'bpk sarkawi', 78),
(1352, 'ngatmini', 76),
(1353, 'Suci Kurnia Sari', 77),
(1354, 'Ibu Mina', 73),
(1355, 'Bu tumini', 75),
(1356, 'siti maimunah', 78),
(1357, 'mbah marliyah', 72),
(1358, 'Ibu Siti Aminah', 73),
(1359, 'muslikhin', 76),
(1360, 'Kusnizar', 77),
(1361, 'dol asim', 78),
(1362, 'BPK syaiful', 75),
(1363, 'ilyas', 78),
(1364, 'Bapak Drai', 73),
(1365, 'muslikha', 76),
(1366, 'bpk alim', 78),
(1367, 'bpk maridin', 72),
(1368, 'Supriyanto', 77),
(1369, 'mbok sinah', 75),
(1370, 'mbok samirah', 78),
(1371, 'm slamet', 76),
(1372, 'Ibu Bi.ati', 73),
(1373, 'moch sip', 72),
(1374, 'masama', 78),
(1375, 'Ponadi', 77),
(1376, 'BPK akrim ', 75),
(1377, 'pinami', 78),
(1378, 'Mak Sulikah', 73),
(1379, 'mbak rosidah', 72),
(1380, 'Mak Dewi', 73),
(1381, 'bpk bilal', 78),
(1382, 'Mbah ngatemon', 75),
(1383, 'Bpk Kastari', 77),
(1384, 'bpk shodiq', 76),
(1385, 'yai salam', 78),
(1386, 'mbah aliyah', 72),
(1387, 'ibu ginten', 78),
(1388, 'Mbah Atiman', 73),
(1389, 'mbah lasiman', 76),
(1390, 'Mbah Sa.i', 73),
(1391, 'Mbah poninten', 75),
(1392, 'mbok paina', 76),
(1393, 'Bu Kinayah', 77),
(1394, 'ibu kasemi', 78),
(1395, 'Mbok Soya', 73),
(1396, 'mbah hj.sulikhah', 72),
(1397, 'moh yusuf', 78),
(1398, 'cak makin', 76),
(1399, 'bpk sholeh', 78),
(1400, 'Ibu Wartin', 73),
(1401, 'yai sahri', 76),
(1402, 'Mbok Wadrikana', 77),
(1403, 'Mbah misantasori', 75),
(1404, 'yu sainem', 78),
(1405, 'Mat Taufik', 73),
(1406, 'mbok jami', 78),
(1407, 'bpk pijiono', 72),
(1408, 'mbok tariah', 76),
(1409, 'bpk heri', 78),
(1410, 'bpk h rusdi', 72),
(1411, 'mbah nasikat', 76),
(1412, 'Mbah marsih', 75),
(1413, 'Bpk Janib Wahyudi', 77),
(1414, 'ibu roatin', 76),
(1415, 'bpk widodo', 72),
(1416, 'BPK sarbini', 75),
(1417, 'mbah bakri', 72),
(1418, 'buyut tun sekalian ', 76),
(1419, 'mbok na', 75),
(1420, 'bpk ali wafa', 72),
(1421, 'bpk nasim', 76),
(1422, 'bpk giran', 79),
(1423, 'Bu Dewi Sulistin', 77),
(1424, 'BPK warsim', 75),
(1425, 'mbah tawi', 72),
(1426, 'sunarsih', 79),
(1427, 'bpk khoirin', 72),
(1428, 'patukah', 79),
(1429, 'Mbah Hid', 77),
(1430, 'mbok maimunah', 75),
(1431, 'bpk nur alim', 79),
(1432, 'budiono', 75),
(1433, 'bpk sarkawi', 79),
(1434, 'Bapak Sucipto', 80),
(1435, 'mbah sujiati', 72),
(1436, 'Kel. Arjosari', 77),
(1437, 'mbok kapi', 79),
(1438, 'mbah kasim', 72),
(1439, 'yai alim', 79),
(1440, 'BPK kastari', 75),
(1441, 'Bapak Ngateman', 80),
(1442, 'ibu tukiyem', 72),
(1443, 'Bpk Komari', 77),
(1444, 'mbah fatimah', 79),
(1445, 'hendrik', 75),
(1446, 'mbok paila', 79),
(1447, 'ibu jumiati', 72),
(1448, 'yai waridin', 79),
(1449, 'Mbak Sulaimah', 77),
(1450, 'mbah warsan', 79),
(1451, 'mbah legio', 79),
(1452, 'Mbah Tamjis', 77),
(1453, 'mbah rasinten', 79),
(1454, 'mbah samina', 79),
(1455, 'mbok sribana', 75),
(1456, 'mbah kamid suwono', 79),
(1457, 'bpk tono ', 81),
(1458, 'Mbah Karminem', 77),
(1459, ' mbak harlis', 75),
(1460, 'bpk kamit', 81),
(1461, 'bpk kasemin', 81),
(1462, 'sri winarsih', 79),
(1463, 'silvi', 75),
(1464, 'Mbah Imam Hasbullah', 77),
(1465, 'mbah rebi', 79),
(1466, 'bpk kastubi', 82),
(1467, 'silva', 75),
(1468, 'bpk usman hadi', 81),
(1469, 'moh yusuf', 79),
(1470, 'mbah rahmat', 82),
(1471, 'bpk pairin', 81),
(1472, 'Mbah Supinah', 77),
(1473, 'mutmainah', 79),
(1474, 'YAI sateb', 75),
(1475, 'bpk sholeh', 79),
(1476, 'mbah wari.ah', 82),
(1477, 'ibu patema', 81),
(1478, 'mbah kasim', 82),
(1479, 'mbah parno', 79),
(1480, 'mbok pik', 75),
(1481, 'Mbah Aisyah', 77),
(1482, 'ibu kasima', 81),
(1483, 'mbah sujiati', 82),
(1484, 'mbok mindar', 81),
(1485, 'mbah pardi', 79),
(1486, 'BPK supanji', 75),
(1487, 'bpk khoirin', 82),
(1488, 'timah', 79),
(1489, 'abdul kodir', 81),
(1490, 'bpk ali wafa', 79),
(1491, 'mbah tawi', 82),
(1492, 'Bpk Ahmad Rosyodi', 77),
(1493, 'ibu sutami', 81),
(1494, 'mbah kamid', 82),
(1495, 'ibu futihat', 79),
(1496, 'ibu kinayah', 75),
(1497, 'ibu waritun', 81),
(1498, 'sucipto', 79),
(1499, 'bpk sokheh', 82),
(1500, 'mak paiti', 79),
(1501, 'mbak supine', 75),
(1502, 'bpk kusnadi', 81),
(1503, 'Bpk Jumain', 77),
(1504, 'bpk ali wafa', 82),
(1505, 'mbah tirto wakija', 81),
(1506, 'BPK supa.at', 75),
(1507, 'bude rami.ah', 82),
(1508, 'mas sugeng', 82),
(1509, 'BPK warimen', 75),
(1510, 'mbah marsi', 82),
(1511, 'Mbok Pilah', 80),
(1512, 'Mbah Mariyam', 83),
(1513, 'ibu jumiati', 82),
(1514, 'Bpk Tajam', 83),
(1515, 'bpk kaserin', 84),
(1516, 'Mbok Samirah', 80),
(1517, 'Mbah Jairah', 83),
(1518, 'mbak arie', 82),
(1519, 'BPK darmo', 75),
(1520, 'bpk ngateman', 84),
(1521, 'Mbok Kamsiyah', 80),
(1522, 'Yai Salamun', 83),
(1523, 'bapak nafsan', 84),
(1524, 'Bapak Kamsiyah', 80),
(1525, 'Mbah Warimin', 83),
(1526, 'BPK matewi', 75),
(1527, 'Yai Ngatri', 83),
(1528, 'Bpk Abd Hasan', 85),
(1529, 'bpk romli', 84),
(1530, 'BPK sambari', 75),
(1531, 'bpk denin ', 84),
(1532, 'Siti Nuzuliyah', 83),
(1533, 'Bpk Turimin', 85),
(1534, 'Siti Hindun', 83),
(1535, 'bpk buari', 84),
(1536, 'BPK buari', 75),
(1537, 'Siti Munawaroh', 83),
(1538, 'Bpk Sabut', 85),
(1539, 'Gatot Suherman', 80),
(1540, 'Moh. Samsul', 83),
(1541, 'bpk khamid', 86),
(1542, 'Rusti', 80),
(1543, 'Moh. Hasan Bisri', 83),
(1544, 'Sanusi', 80),
(1545, 'yai kaimo', 86),
(1546, 'Bpk H. Nur Salim', 83),
(1547, 'yai salam', 86),
(1548, 'Sulikhah', 80),
(1549, 'Mbah Ramsiyah', 83),
(1550, 'Bpk Sumartik', 85),
(1551, 'mbok si.a', 84),
(1552, 'Bu Dewi', 80),
(1553, 'yai ngatemen', 86),
(1554, 'BPK rabi.u', 75),
(1555, 'mbok mesri', 84),
(1556, 'Mbok Aminten', 80),
(1557, 'mbah jasmira', 86),
(1558, 'mbok sadina', 84),
(1559, 'Bapak Kasban', 80),
(1560, 'ibu suliah', 75),
(1561, 'mbah kami', 86),
(1562, 'Yai Munsarip', 83),
(1563, 'moh imron', 84),
(1564, 'Mbok Tiana', 80),
(1565, 'mbah sumito', 86),
(1566, 'ibu tasminah ', 75),
(1567, 'ida wati', 84),
(1568, 'Bapak Saikon', 80),
(1569, 'mbah amini', 86),
(1570, 'bpk kaimun', 84),
(1571, 'Ibu Rubiah', 80),
(1572, 'bpk muarip', 86),
(1573, 'ibu jumiati', 75),
(1574, 'bpk ishak', 84),
(1575, 'bpk kamari', 86),
(1576, 'Sunarmi', 80),
(1577, 'Yai Da.im', 83),
(1578, 'Bpk Kholil', 85),
(1579, 'Waman', 80),
(1580, 'bpk kastubi', 86),
(1581, 'Bpk Naim', 83),
(1582, 'bpk maridin', 86),
(1583, 'yai khairun', 84),
(1584, 'Bpk Sugimin', 85),
(1585, 'Sri Bacut', 80),
(1586, 'Mbok Tun Nasib', 83),
(1587, 'ibu sunarni', 75),
(1588, 'ibu supiyah', 84),
(1589, 'Mbah Kamsinah', 80),
(1590, 'bpk muhsip', 86),
(1591, 'Bpk Rohmad', 83),
(1592, 'Bpk Satam', 83),
(1593, 'bpk mukri', 86),
(1594, 'Ibu Sainem', 80),
(1595, 'ibu latifah', 84),
(1596, 'Bpk Tiriman', 85),
(1597, 'bu marlia', 86),
(1598, 'Kasiani', 80),
(1599, 'siti taslimah', 84),
(1600, 'Ibu Mariyah', 85),
(1601, 'Bpk Mustajab', 83),
(1602, 'Bapak Dulamat', 80),
(1603, 'moh soleh', 84),
(1604, 'Bu Sariyati', 83),
(1605, 'Bapak Tohari', 80),
(1606, 'Ibu Khatimah', 85),
(1607, 'Bpk Sidiq', 83),
(1608, 'siti rohmah', 84),
(1609, 'ibu rupi.ah', 86),
(1610, 'Mbah Lasmirah', 83),
(1611, 'moh zamrozi', 84),
(1612, 'Ibu Tianah', 83),
(1613, 'Ibu Yarni', 85),
(1614, 'Bpk Nodo', 83),
(1615, 'ibu siti ada', 84),
(1616, 'bu juwaria', 86),
(1617, 'Andik Widodo', 83),
(1618, 'mbok binti', 86),
(1619, 'Ibu Shilihah', 85),
(1620, 'Mbah Supiyah', 83),
(1621, 'Mbah Mini', 83),
(1622, 'bpk syukur', 86),
(1623, 'BPK tumarianto', 87),
(1624, 'bu sumarsi', 86),
(1625, 'siti silihati bin wanifah', 84),
(1626, 'bu sunarti', 86),
(1627, 'BPK madrus', 87),
(1628, 'bpk girin', 84),
(1629, 'Bu Latifah', 83),
(1630, 'yai saleh', 86),
(1631, 'ibu sukemi', 84),
(1632, 'h rusdi', 86),
(1633, 'BPK samun', 87),
(1634, 'Bpk Sholeh', 83),
(1635, 'bu sunartih', 86),
(1636, 'BPK kawi', 87),
(1637, 'bpk kaimun', 84),
(1638, 'bu supiyah', 86),
(1639, 'mbok pu.a', 84),
(1640, 'bpk rais', 84),
(1641, 'mbok warinah', 87),
(1642, 'bpk kaliyo', 86),
(1643, 'bpk ahmad', 84),
(1644, 'm zaini', 84),
(1645, 'mbok kemi', 87),
(1646, 'bu rosidah', 86),
(1647, 'Hj. Sateni', 83),
(1648, 'm mukminin', 84),
(1649, 'hj sulikah', 86),
(1650, 'mbok sami', 87),
(1651, 'bpk saturi', 84),
(1652, 'Fauzan Mardi', 83),
(1653, 'pak widodo', 86),
(1654, 'jani', 87),
(1655, 'bpk gimun', 84),
(1656, 'bpk eeng', 86),
(1657, 'kusno', 87),
(1658, 'intan nirmalasari', 86),
(1659, 'rohman sujianto', 84),
(1660, 'Ibu Muhasih', 85),
(1661, 'mbok tarsih', 87),
(1662, 'pak saruwi', 86),
(1663, 'bu sukiyem', 86),
(1664, 'Ibu Paini', 85),
(1665, 'ibu futikhat', 84),
(1666, 'h sumito', 86),
(1667, 'bpk sajid', 86),
(1668, 'YAI sarip', 87),
(1669, 'Ibu Siti Fatimah', 85),
(1670, 'mak suntari', 86),
(1671, 'BPK misden', 87),
(1672, 'Ibu Jumani', 40),
(1673, 'mbah kusnan', 90),
(1674, 'bpk rubiyato', 86),
(1675, 'ibu nuzulia', 89),
(1676, 'Bu karmini', 87),
(1677, 'Bapak Asnan', 40),
(1678, 'bpk sutarno', 86),
(1679, 'mbah tajam', 89),
(1680, 'mak wagina', 86),
(1681, 'mbah rubiatin', 90),
(1682, 'mbah mariyam', 89),
(1683, 'BPK Kaslan ', 87),
(1684, 'mbah muinah', 90),
(1685, 'jumrotin', 87),
(1686, 'mbah H nur salim', 89),
(1687, 'mbah mukali', 90),
(1688, 'bpk ta.i', 86),
(1689, 'mbah saim', 89),
(1690, 'sutrisno', 87),
(1691, 'mbah mukasim', 90),
(1692, 'Ibu Juariyah', 49),
(1693, 'Bpk Slamet', 91),
(1694, 'anik', 87),
(1695, 'ibu tasnien', 86),
(1696, 'buyut kariyatun', 89),
(1697, 'mbah rukani', 90),
(1698, 'mbah remi', 89),
(1699, 'Ibu Hj. Fatimah', 49),
(1700, 'YAI marjan', 87),
(1701, 'Bpk Mu.ali', 91),
(1702, 'mbah nasip', 89),
(1703, 'Ibu Supiyah', 49),
(1704, 'mbah satupi', 90),
(1705, 'YAI satun', 87),
(1706, 'bpk sujak', 90),
(1707, 'ibu supiyah', 90),
(1708, 'mbah siti munawaroh ', 89),
(1709, 'ibu sumami', 90),
(1710, 'mbok bai.ah', 87),
(1711, 'siti nikmatul khasanah', 90),
(1712, 'mas yed', 90),
(1713, 'satulin', 87),
(1714, 'bpk rochmad', 92),
(1715, 'siti hindun', 89),
(1716, 'mbah satupi', 90),
(1717, 'ibu gina', 87),
(1718, 'bpk tasuri', 90),
(1719, 'bpk m. ashari', 92),
(1720, 'moh samsul', 89),
(1721, 'kakang paito', 87),
(1722, 'pak de fuady jogja', 90),
(1723, 'bpk sajid', 92),
(1724, 'Bpk Poniman', 91),
(1725, 'moh hasan bisri', 89),
(1726, 'masruri', 90),
(1727, 'BPK Ponijan ', 87),
(1728, 'mbok atem', 92),
(1729, 'sutrisno', 89),
(1730, 'Mbah Amah', 91),
(1731, 'ibu poni', 87),
(1732, 'muh ghozali', 89),
(1733, 'ulan bin fulan', 92),
(1734, 'Mbah Rupik', 91),
(1735, 'sumini', 87),
(1736, 'miftahul huda', 89),
(1737, 'ibu poninten', 92),
(1738, 'gus muzamamajid', 90),
(1739, 'Mbah Demun', 91),
(1740, 'gus nur huda', 90),
(1741, 'ibu juwariyah', 92),
(1742, 'mbok watenah', 89),
(1743, 'ibu piani', 92),
(1744, 'Bu kamsah ', 87),
(1745, 'ibu siswanti', 89),
(1746, 'muh wahyu', 89),
(1747, 'BPK taman', 87),
(1748, 'Mbah Sariati', 91),
(1749, 'kh nur khotib', 90),
(1750, 'bpk atim', 92),
(1751, 'bude salamati', 89),
(1752, 'Bu aminah', 87),
(1753, 'kh abdul majid', 90),
(1754, 'bulek jumani', 89),
(1755, 'muh umar', 89),
(1756, 'bpk kasiyan', 92),
(1757, 'ibu sriana', 87),
(1758, 'ust fathulloh khakam', 90),
(1759, 'ibu qotiah', 89),
(1760, 'Mbah Mut Ma.inah', 91),
(1761, 'ibu lutfiyah', 89),
(1762, 'Mbah supini', 87),
(1763, 'bpk moh sholeh', 89),
(1764, 'bpk ghufron', 89),
(1765, 'keluarga imam rotib', 90),
(1766, 'BPK khamim', 87),
(1767, 'mbah yai khotib', 90),
(1768, 'bpk ruslan', 89),
(1769, 'k abdul qonhar', 90),
(1770, 'mbah Hj sateni', 89),
(1771, 'BPK pairin', 87),
(1772, 'Mbah Supiyah', 91),
(1773, 'Ibu Liah', 91),
(1774, 'Bpk Fauzan Mardi', 89),
(1775, 'kh mahfudz syafi.i', 90),
(1776, 'ibu mutomimah', 87),
(1777, 'Ibu Dewi Mashita', 91),
(1778, 'kh mahfudz majid', 90),
(1779, 'BPK Misran ', 87),
(1780, 'gus romli', 90),
(1781, 'Mohammad Jais', 91),
(1782, 'mulyadi', 90),
(1783, 'bpk muh amin', 93),
(1784, 'pak de jen', 90),
(1785, 'yai amin', 93),
(1786, 'mas muhlis', 90),
(1787, 'mbok rusiyam', 93),
(1788, 'Ibu Siti Rochmah', 91),
(1789, 'bpk ngateman', 93),
(1790, 'nyai hj sam.ani', 90),
(1791, 'Bpk Yasik', 91),
(1792, 'hariyanto', 93),
(1793, 'kh khamdi', 90),
(1794, 'mbok waqitun', 93),
(1795, 'Bpk Ponaji', 91),
(1796, 'mbah tasmi', 94),
(1797, 'pakde syair', 90),
(1798, 'mbah tari', 94),
(1799, 'BPK misdin', 95),
(1800, 'sunariyah', 93),
(1801, 'mbah sarmo', 94),
(1802, 'bu muntinah', 94),
(1803, 'bpk bakeri', 93),
(1804, 'agus asariy majid', 90),
(1805, 'bu rumijah', 94),
(1806, 'mbah rais', 93),
(1807, 'BPK sarip', 95),
(1808, 'bu tarmi', 94),
(1809, 'bu mukayah', 94),
(1810, 'agus makhasin majid', 90),
(1811, 'bu sapuah', 94),
(1812, 'mbok Bae.ah', 95),
(1813, 'bu waritun', 94),
(1814, 'ibu tumija', 90),
(1815, 'bpk tawi', 94),
(1816, 'mbok satum', 95),
(1817, 'bpk mochtar', 94),
(1818, 'mbah sarifah', 93),
(1819, 'mbah sulaiman', 93),
(1820, 'Siti khusfiah', 95),
(1821, 'mbah wateni', 93),
(1822, 'mbah Harun', 93),
(1823, 'mbah ngateman', 96),
(1824, 'mbok katin', 95),
(1825, 'mbah poniten', 96),
(1826, 'mbok sari', 95),
(1827, 'ibu riamah', 93),
(1828, 'bpk rohmad', 94),
(1829, 'mbah misan tosari', 96),
(1830, 'bpk marpuk', 94),
(1831, 'mbah H kasdu khoiri', 93),
(1832, 'Mbah tirto', 95),
(1833, 'bpk mi.an', 94),
(1834, 'bpk buang', 94),
(1835, 'mbah marsih', 96),
(1836, 'bpk sopyan', 94),
(1837, 'Mbah umar', 95),
(1838, 'mbah sali', 96),
(1839, 'ibu sulastri', 93),
(1840, 'bpk matsari', 94),
(1841, 'mbah sarti', 96),
(1842, 'bpk kuswandi', 94),
(1843, 'bpk rustam', 93),
(1844, 'Mbah tarsih', 95),
(1845, 'mbah nah', 96),
(1846, 'bpk sarbini', 96),
(1847, 'Mbah ismail', 95),
(1848, 'kasiyanto', 94),
(1849, 'bok tasuri', 96),
(1850, 'mbok kiyah', 94),
(1851, 'bok warsim', 96),
(1852, 'mbok atim', 94),
(1853, 'buyut sina', 96),
(1854, 'nyai muna', 96),
(1855, 'slamet budiyono', 96),
(1856, 'mbok sribana', 96),
(1857, 'mbok murti', 94),
(1858, 'm. zazuli', 94),
(1859, 'bpk kastari', 96),
(1860, 'hendrik', 96),
(1861, 'mak tini', 94),
(1862, 'yai dasio', 94),
(1863, 'mbah kamija', 96),
(1864, 'BPK Kaslan ', 95),
(1865, 'mbok jainah', 94),
(1866, 'Mbah siti', 95),
(1867, 'mbah bini', 94),
(1868, 'bpk iskak sahroni', 96),
(1869, 'sutrisno ', 95),
(1870, 'bpk supanji', 96),
(1871, 'bpk bunawi', 96),
(1872, 'tulin', 95),
(1873, 'mbah sres', 94),
(1874, 'ibu suliah', 96),
(1875, 'mbah sijan', 94),
(1876, 'Siti rohmah', 95),
(1877, 'ibu heriana', 96),
(1878, 'budhe misini', 94),
(1879, 'bpk abdul qodir', 96),
(1880, 'sodikin', 95),
(1881, 'bpk solikhin', 96),
(1882, 'jumrotin', 95),
(1883, 'nur salim ', 95),
(1884, 'bpk mat husen', 96),
(1885, 'ibrahim', 95),
(1886, 'ibu sumarni ', 96),
(1887, 'Mbah drus', 95),
(1888, 'mbok gina', 95),
(1889, 'BPK satukan', 95),
(1890, 'mbok siti', 97),
(1891, 'mbok samirah', 97),
(1892, 'Muhammad rosul', 95),
(1893, 'bok nasrum', 97),
(1894, 'BPK tumarianto ', 95),
(1895, 'umiyah', 97),
(1896, 'Bu mina', 95),
(1897, 'mbok yam', 97),
(1898, 'Mbah Kaimun', 98),
(1899, 'mbok atem', 97),
(1900, 'bpk sandri', 97),
(1901, 'Mbah Arbainah', 98),
(1902, 'Mbah Tajam', 98),
(1903, 'Bu Srianah ', 95),
(1904, 'mbah sariban', 97),
(1905, 'Bu istiqomah', 95),
(1906, 'bpk saniman', 97),
(1907, 'BPK khamim', 95),
(1908, 'Mbah Maryam', 98),
(1909, 'bpk rakimin', 97),
(1910, 'bpk talip', 97),
(1911, 'BPK pairin', 95),
(1912, 'mbok murpuah', 97),
(1913, 'Mbah Sidik', 98),
(1914, 'Mbah tumini', 95),
(1915, 'bpk sambari', 97),
(1916, 'bpk siah', 97),
(1917, 'mbkk siah', 97),
(1918, 'Mbah Temah', 98),
(1919, 'Bu sutiani randuagung', 95),
(1920, 'Bu kamsah', 95),
(1921, 'Mbah Timin', 98),
(1922, 'mbok rapiah', 97),
(1923, 'Mbah Wagirin', 98),
(1924, 'Mbah Haji Aspuah', 98),
(1925, 'keluarga bani yakub', 99),
(1926, 'Ibu Wiwik Siti Sofiah', 98),
(1927, 'bpk h. mukti', 99),
(1928, 'bpk paiman', 99),
(1929, 'bpk h. rois', 99),
(1930, 'Muhammad Amin', 98),
(1931, 'Mujiati', 98),
(1932, 'mbah markilah', 99),
(1933, 'nyai sarnam', 100),
(1934, 'mbh abu', 99),
(1935, 'Muriati', 98),
(1936, 'imam sodikin', 99),
(1937, 'YAI sarnam', 100),
(1938, 'Ibu Mujayatin', 98),
(1939, 'maratus solikah', 99),
(1940, 'BPK kasturi', 100),
(1941, 'Bpk Dollah', 98),
(1942, 'mbok ngateni', 99),
(1943, 'YAI li', 100),
(1944, 'nyai li', 100),
(1945, 'mbah yai kholil', 99),
(1946, 'BPK sateb', 100),
(1947, 'mbah syahid', 99),
(1948, 'rukmi', 100),
(1949, 'lek makin', 99),
(1950, 'ibu paini', 99),
(1951, 'mbok rafik', 100),
(1952, 'bpk samuri', 99),
(1953, 'Ibu Sri Fatmawati', 98),
(1954, 'mbok santuna', 100),
(1955, 'mbh sengari', 99),
(1956, 'bpk padi', 99),
(1957, 'Bpk Wakidi', 98),
(1958, 'mbok kaji', 100),
(1959, 'mboh sipon', 99),
(1960, 'Andika Widodo', 98),
(1961, 'mbah nah', 99),
(1962, 'mbok rusiyam', 100),
(1963, 'mbah mus', 99),
(1964, 'mbok rum', 100),
(1965, 'pak ngateman', 100),
(1966, 'mbah sahid Sumatra ', 99),
(1967, 'pak kaseri', 100),
(1968, 'mbah murdiah', 99),
(1969, 'mbok sayu', 100),
(1970, 'mbah bukhori', 99),
(1971, 'BPK muestofa', 100),
(1972, 'bpk hj mukti', 101),
(1973, 'bpk takim', 101),
(1974, 'BPK .m sokhib', 100),
(1975, 'bpk sarkawi', 101),
(1976, 'bpk hj ilyas', 101),
(1977, 'ibu futikhat', 100),
(1978, 'bpk samiun', 101),
(1979, 'bpk dahlan', 101),
(1980, 'mbok tasminah', 100),
(1981, 'mbkk paini', 101),
(1982, 'ibu jumiati', 100),
(1983, 'mbok tarsina', 101),
(1984, 'mbok kapi', 101),
(1985, 'BPK kasim', 103),
(1986, 'mbok poniten', 101),
(1987, 'ibu sati.ah', 103),
(1988, 'mbok kati', 101),
(1989, 'H. Choirul Yaqin', 102),
(1990, 'Mbah kalio', 103),
(1991, 'mbkk ngateni', 101),
(1992, 'Hj. Suudah', 102),
(1993, 'yai toyib', 101),
(1994, 'Mbah supiyah', 103),
(1995, 'yai dina', 101),
(1996, 'yai di', 101),
(1997, 'Mbah satamun', 103),
(1998, 'yai kati', 101),
(1999, 'yai tar', 101),
(2000, 'Mbah sariati', 103),
(2001, 'Hj. Chusnil Laila', 102),
(2002, 'yai dilah', 101),
(2003, 'Mbah kamari', 103),
(2004, 'samsul hadi', 101),
(2005, 'Mbah kaminten', 103),
(2006, 'Hj. Muzayanah', 102),
(2007, 'yai siamun', 101),
(2008, 'yai sarim', 101),
(2009, 'Mbah Abdurrahman ', 103),
(2010, 'Bpk Abdul Hamid', 102),
(2011, 'saimin', 101),
(2012, 'h rois', 101),
(2013, 'Mbah poniti', 103),
(2014, 'ibu musriah', 101),
(2015, 'hj rodiyah', 101),
(2016, 'Bpk Abdul Muchid', 102),
(2017, 'sengari', 101),
(2018, 'bpk sanam', 101),
(2019, 'Bpk Samsyun', 102),
(2020, 'BPK abd rohman', 104),
(2021, 'BPK kalio', 104),
(2022, 'bpk toyib', 105),
(2023, 'BPK pon', 104),
(2024, 'bpk sariban', 105),
(2025, 'Ibu Mariyamah', 102),
(2026, 'BPK salimen', 104),
(2027, 'bpk saridin', 105),
(2028, 'BPK abd syukur', 104),
(2029, 'H. Said', 102),
(2030, 'bpk said', 105),
(2031, 'Bu supiyah', 104),
(2032, 'ibu nafsia', 105),
(2033, 'mbok lasri', 105),
(2034, 'Bu satuma', 104),
(2035, 'mbok rasmini', 105),
(2036, 'mbok poninten ', 104),
(2037, 'mbok gemi', 104),
(2038, 'mbok seran', 105),
(2039, 'ani ningsih', 104),
(2040, 'mbok pon', 105),
(2041, 'mbok paina', 105),
(2042, 'Hj. Maimunah', 102),
(2043, 'mbok gina', 105),
(2044, 'prayitno', 104),
(2045, 'yai seran', 105),
(2046, 'Bu sarpiyah', 104),
(2047, 'Bu kasmi', 104),
(2048, 'Mbah Qosim', 102),
(2049, 'yai tajab', 105),
(2050, 'BPK Ibrahim ', 104),
(2051, 'cak sarmawi', 105),
(2052, 'BPK marsam', 104),
(2053, 'Ibu Sumiati', 102),
(2054, 'ita astutik', 105),
(2055, 'BPK samadun', 104),
(2056, 'Mbah Sukri', 102),
(2057, 'bpk sarmo', 105),
(2058, 'bpk lasiman', 105),
(2059, 'Moch rochim', 104),
(2060, 'mbok arti', 104),
(2061, 'bpk h mukti', 105),
(2062, 'bpk surti', 105),
(2063, 'Mbah saeru', 104),
(2064, 'Bu sumini', 104),
(2065, 'yai gimin', 105),
(2066, 'BPK Samin ', 104),
(2067, 'mbok parmina', 105),
(2068, 'Mbah Wagimah', 102),
(2069, 'Bu samina', 104),
(2070, 'yai garyo', 105),
(2071, 'pak Samin ', 104),
(2072, 'cak makin', 105),
(2073, 'BPK khamid', 104),
(2074, 'Hj. Romlah', 102),
(2075, 'ibu tarmina', 105),
(2076, 'YAI kasih', 104),
(2077, 'anak bacut', 105),
(2078, 'BPK kasim', 104),
(2079, 'Hj. Badriyah', 102),
(2080, 'bpk khamidun', 105),
(2081, 'Bu satiah', 104),
(2082, 'Muhammad', 102),
(2083, 'bpk nasim', 105),
(2084, 'Mbah sariati', 104);
INSERT INTO `almarhums` (`id`, `nama`, `id_keluarga`) VALUES
(2085, 'ibu mutmainnah', 105),
(2086, 'Mbah kamari', 104),
(2087, 'M. Syahreza', 102),
(2088, 'Mbah kaminten ', 104),
(2089, 'bpk khamim madura', 105),
(2090, 'paina', 105),
(2091, 'Bu Eni suparti', 104),
(2092, 'Mbah Ten ', 104),
(2093, 'BPK ten', 104),
(2094, 'BPK tamin ', 104),
(2095, 'Kh. Imron Rosyadi', 102),
(2096, 'BPK warno', 104),
(2097, 'joko siswo', 104),
(2098, 'ibu endang', 104),
(2099, 'Kh. Muhajir', 102),
(2100, 'ibu termini', 104),
(2101, 'Mbah satemon', 104),
(2102, 'BPK kasbun', 104),
(2103, 'BPK rasio', 104),
(2104, 'BPK prayitno', 104),
(2105, 'Bu supiyah', 104),
(2106, 'Bu satukah', 104),
(2107, 'Nyai Badriyah', 102),
(2108, 'ibu poniti', 104),
(2109, 'Mbah Martiah', 102),
(2110, 'ibu mesti', 104),
(2111, 'Mbah Lamirun', 102),
(2112, 'BPK kasiadi', 104),
(2113, 'ibu Maimunah ', 104),
(2114, 'Mbah Yatminah', 102),
(2115, 'Bu siti', 104),
(2116, 'BPK samsuri', 104),
(2117, 'Mbah Kasmin', 102),
(2118, 'ibu halimah', 104),
(2119, 'Bapak Ponimin', 106),
(2120, 'Bapak Musdar', 106),
(2121, 'mbok kamini', 107),
(2122, 'Mbah Siti Fatonah', 102),
(2123, 'ibu ismah', 104),
(2124, 'yai sarmo', 107),
(2125, 'Bapak Lasimah', 106),
(2126, 'p aseri', 104),
(2128, 'Mbah Abdullah', 106),
(2129, 'Mbah Supiah', 102),
(2131, 'b samiati', 104),
(2132, 'Mbah Mas.ad', 106),
(2133, 'mbok kinayah', 107),
(2134, 'Bapak Mustar', 106),
(2135, 'yai paimon', 107),
(2136, 'aluwiono', 107),
(2137, 'rokana', 107),
(2138, 'Mbah Abdul Rozak', 106),
(2140, 'Nyai Puk', 106),
(2142, 'Yai Puk', 106),
(2143, 'Mbah Siti Aminah', 102),
(2145, 'Mislikah', 106),
(2146, 'Kh. Maksum', 102),
(2147, 'Mujib', 106),
(2150, 'Hj. Sofiyah', 102),
(2152, 'H. Ismail', 102),
(2158, 'Mbah Aryo Ponanggungan', 102),
(2162, 'Mbah Aryo Randu Kuning', 102),
(2165, 'Mbah Aryo Tejo', 102),
(2167, 'h mas.ul ashad', 107),
(2168, 'Mbah Ki Ageng Masrangi', 102),
(2169, 'Mbah Lamirun', 102),
(2171, 'Ibu Yastunik', 39),
(2172, 'Bapak Jayadi', 39),
(2173, 'Bpk Yasik', 108),
(2174, 'M. Zais', 108),
(2175, 'Yai Demun', 108),
(2176, 'Mbok Mudmainah', 108),
(2177, 'Ibu Tuliah', 108),
(2178, 'Ibu Dewi Masitoh', 108),
(2179, 'Bpk Matali', 108),
(2180, 'Mbok Sumiati', 108),
(2181, 'Yai Suroto', 108),
(2182, 'bpk satam', 109),
(2183, 'H. Sulton Sugiono', 108),
(2184, 'bpk ramelan', 109),
(2185, 'ibu kamiatun', 109),
(2186, 'ibu lasmirah', 109),
(2187, 'Bpk Suwain', 108),
(2188, 'bpk tajam', 109),
(2189, 'bpk sidik', 109),
(2190, 'ibu mariyam', 109),
(2191, 'yai ran', 109),
(2192, 'Ibu Tuni', 108),
(2193, 'yai khoirun', 109),
(2194, 'bpk rohmad', 109),
(2195, 'bpk salamun', 109),
(2196, 'Ibu Sunariyah', 108),
(2197, 'ibu kalimah', 109),
(2198, 'ibu jairah', 109),
(2199, 'Adek Rudi Ardiansyah', 108),
(2200, 'mbok mini', 109),
(2201, 'Bpk Ponaji', 108),
(2202, 'ibu wati', 109),
(2203, 'Yatemi', 108),
(2204, 'fauzi ferdianto', 109),
(2205, 'agus zainuri', 109),
(2206, 'Mbok Supiyah', 108),
(2207, 'yuni', 109),
(2208, 'Bpk Amah', 108),
(2209, 'mbah paini', 109),
(2210, 'bpk maddarip', 109),
(2211, 'mbah mukayat', 109),
(2212, 'Mbok Rupik', 108),
(2213, 'Bpk Nursalin', 108),
(2214, 'mbah putri roro', 109),
(2215, 'hj komariyah', 109),
(2216, 'bpk soleh', 109),
(2217, 'bapak eko', 109),
(2218, 'ibu zulaikah', 109),
(2219, 'Bpk Ahmad Ponaji', 110),
(2220, 'bpk Abdul jalal', 109),
(2221, 'Mbah Abu Bakar', 110),
(2222, 'bpk anhar', 109),
(2223, 'Mbah Djumain', 110),
(2224, 'adek bilqis', 109),
(2225, 'Mbah Akhwan', 110),
(2226, 'Mbah Amini', 110),
(2227, 'Mbah Yasik', 110),
(2228, 'Mbah Sariati', 110),
(2229, 'Mbah Slamet', 110),
(2230, 'mbah kajan', 111),
(2231, 'Rudi Afrianto', 110),
(2232, 'mbah rokhima', 111),
(2233, 'mbah sarmin', 111),
(2234, 'Chandra Adi Susanto', 110),
(2235, 'mbah satemi', 111),
(2236, 'Afif Nur Hamidah', 110),
(2237, 'mbah daim', 111),
(2238, 'mbah kanafi', 111),
(2239, 'mbah kusen', 111),
(2240, 'mba sanimah', 111),
(2241, 'mbah warsini', 111),
(2242, 'Kifayatul Awwam', 110),
(2243, 'Tohar', 110),
(2244, 'mbah gino', 111),
(2245, 'Mbah Waras', 110),
(2246, 'mbah kinik', 111),
(2247, 'bok h nur salim', 112),
(2248, 'Bpk Ali Wafa', 110),
(2249, 'mbah siamak', 111),
(2250, 'bpk munsarip', 112),
(2251, 'bpk naim', 112),
(2252, 'mbah bejo', 111),
(2253, 'nyari suri', 111),
(2254, 'bpk rohman', 112),
(2255, 'Bapak Taib', 113),
(2256, 'bpk rustam', 115),
(2257, 'mbok kariaton', 112),
(2258, 'mbah satun', 111),
(2259, 'ibu painem', 115),
(2260, 'mbah di', 115),
(2261, 'ibu sariati', 112),
(2262, 'mbah yasin', 115),
(2263, 'yai ngateman', 114),
(2264, 'yai puk', 112),
(2265, 'mbah sarun', 115),
(2266, 'yai abi', 112),
(2267, 'mbok tami', 111),
(2268, 'bpk ba.i', 115),
(2269, 'yai atim', 112),
(2270, 'mbok taseni', 115),
(2271, 'mbok sumiati', 111),
(2272, 'nyai katen', 114),
(2273, 'nyai ram', 112),
(2274, 'mbok aminah', 114),
(2275, 'bpk riamin', 111),
(2276, 'nyai wah', 112),
(2277, 'Bpk Rameli', 116),
(2278, 'ngatminah', 115),
(2279, 'BPK saidun', 117),
(2280, 'lek sugianto', 115),
(2281, 'mbok wadrik', 114),
(2282, 'muhajirin', 112),
(2283, 'Bpk Drawi', 116),
(2284, 'BPK sanam', 117),
(2285, 'mbok kamsatun', 114),
(2286, 'bpk dowi', 111),
(2287, 'khoiriyah', 112),
(2288, 'BPK kamad', 117),
(2289, 'mbok paini', 115),
(2290, 'bpk lasimun', 111),
(2291, 'Bpk Sholeh', 116),
(2292, 'moh nur kholik', 114),
(2293, 'mbah tun', 112),
(2294, 'nyari sriamah', 111),
(2295, 'BPK mustakim', 117),
(2296, 'nurul hasan', 114),
(2297, 'bok tarwi', 112),
(2298, 'bpk muali', 111),
(2299, 'kaseni', 114),
(2300, 'YAI karim', 117),
(2301, 'mbah sekak', 112),
(2302, 'Bpk Jasimen', 116),
(2303, 'bpk suri', 111),
(2304, 'mbah dolah', 112),
(2305, 'mbah kadir', 114),
(2306, 'bpk hasan', 111),
(2307, 'mbok sarti', 112),
(2308, 'mbok sarmi', 112),
(2309, 'bpk hudan', 111),
(2310, 'Mbok Tukah', 116),
(2311, 'YAI nasidun', 117),
(2312, 'mbah kemija', 114),
(2313, 'bpk alim', 114),
(2314, 'Mbok Sar', 116),
(2315, 'bpk wagimin', 118),
(2316, 'YAI daiman', 117),
(2317, 'mbok samira', 114),
(2318, 'Bu umi', 117),
(2319, 'bpk daim', 112),
(2320, 'Bpk Jumain', 116),
(2321, 'bpk paito', 114),
(2322, 'bek salimah', 117),
(2323, 'bu misliah', 112),
(2324, 'yai si.in', 114),
(2325, 'bpk ba.i', 118),
(2326, 'Yai Kasih', 116),
(2327, 'Sri rahayu', 117),
(2328, 'm hasan bisri', 112),
(2329, 'bpk adrim', 118),
(2330, 'mbok si.a', 114),
(2331, 'bpk yasin', 118),
(2332, 'paman musatajab', 112),
(2333, 'Yai Karim', 116),
(2334, 'Ibu Kasiana', 113),
(2335, 'Bapak Mansarip', 113),
(2336, 'Ibu Ramsiyah', 113),
(2337, 'Bapak Abdul Jalil', 113),
(2338, 'Mbah Wiro', 113),
(2339, 'Mbah Arti', 113),
(2340, 'Mas Kastari', 113),
(2341, 'Mbak Tarmini', 113),
(2342, 'Adek Karolik', 113),
(2343, 'Anak Muhammad', 113),
(2344, 'bu ngatin', 118),
(2345, 'yai taman', 114),
(2346, 'ibu liah', 111),
(2347, 'buyut siti', 117),
(2348, 'mbok sri', 114),
(2349, 'bok satuman', 112),
(2350, 'Lik Ana', 116),
(2351, 'bu wagisri', 118),
(2352, 'Mbah sartina', 117),
(2353, 'bu artina', 118),
(2354, 'ahmad fauzi ferdianto', 111),
(2355, 'Saidun', 116),
(2356, 'bpk sakatam', 112),
(2357, 'ibu mustini', 114),
(2358, 'mbok sartini', 118),
(2359, 'sholeh', 117),
(2360, 'mbah yasin', 111),
(2361, 'bpk iskak', 114),
(2362, 'mak samar', 118),
(2363, 'Bu tami', 117),
(2364, 'ibu warsiah', 112),
(2365, 'yai suliah', 118),
(2366, 'bpk kholil', 114),
(2367, 'paman jalil', 112),
(2368, 'niti', 117),
(2369, 'ngatminah', 118),
(2370, 'mbah kasri', 112),
(2371, 'Sfuwan', 116),
(2372, 'kusnoto', 118),
(2373, 'mbak fitri', 114),
(2374, 'nyai ru', 112),
(2375, 'mbah bantal nawawi', 111),
(2376, 'BPK juma.in', 117),
(2377, 'kandar', 118),
(2378, 'nyai yah', 112),
(2379, 'mbok tasemi', 118),
(2380, 'ibu mariyah', 114),
(2381, 'pak Lek anwar', 111),
(2382, 'yai ari', 112),
(2383, 'pak sukri', 117),
(2384, 'mbok tas', 118),
(2385, 'Joko Sampurno', 116),
(2386, 'hj. siti aminah', 114),
(2387, 'bok khaliq', 112),
(2388, 'bpk satun', 118),
(2389, 'bpk ali wafa', 114),
(2390, 'bpk sukri', 118),
(2391, 'pak Poniman ', 117),
(2392, 'ibu khalimah', 112),
(2393, 'Ibu Sunarti', 116),
(2394, 'bpk saderi', 118),
(2395, 'ibu siti khalima', 114),
(2396, 'khairil auryn elisa', 111),
(2397, 'ibu lutfiah', 112),
(2398, 'Mbok Atim', 116),
(2399, 'Bapak Sriyono', 119),
(2400, 'bpk manan', 114),
(2401, 'bpk tohiri', 112),
(2402, 'Mbah likah', 117),
(2403, 'bpk sunardi bejo', 111),
(2404, 'mbah h sateni', 112),
(2405, 'ibu qomariyah', 114),
(2406, 'ibu lamini', 111),
(2407, 'ibu siti', 112),
(2408, 'BPK sanadi', 117),
(2409, 'Mbok Poninten', 116),
(2410, 'bpk abdul qodir', 114),
(2411, 'ibu painten', 117),
(2412, 'mbah tiana', 111),
(2413, 'Yai Ramli', 116),
(2414, 'bpk sagiman', 120),
(2415, 'bude sutiyem', 111),
(2416, 'ibu warti', 117),
(2417, 'bpk h abdul mukhit', 114),
(2418, 'bpk musiman', 120),
(2419, 'bpk darmaji', 111),
(2420, 'Sunarti', 116),
(2421, 'bpk satar', 114),
(2422, 'bpk wagimen', 120),
(2423, 'pak gaisan', 117),
(2424, 'mbah sarpiyah', 111),
(2425, 'ibu taminah', 114),
(2426, 'bpk bunimen', 120),
(2427, 'likah', 117),
(2428, 'bpk soleh', 111),
(2429, 'Pak Riamin', 116),
(2430, 'bpk muali', 121),
(2431, 'bpk satuman', 120),
(2432, 'sodek', 117),
(2433, 'ibu zulaikah', 111),
(2434, 'ibu liah', 121),
(2435, 'bpk lasiman', 120),
(2436, 'Mbok Ngaina', 116),
(2437, 'm jais', 121),
(2438, 'BPK junaedi', 117),
(2439, 'bpk samsudin', 120),
(2440, 'bu saini', 120),
(2441, 'mbah karjan', 121),
(2442, 'Bpk Satwi', 116),
(2443, 'slamet', 120),
(2444, 'bpk sunariyan', 111),
(2445, 'YAI wagiman', 117),
(2446, 'poniri', 120),
(2447, 'mbah rakimah', 121),
(2448, 'ratno', 120),
(2449, 'ibu suharli', 111),
(2450, 'sariah', 117),
(2451, 'Yai Kub', 116),
(2452, 'yai giran', 120),
(2453, 'mbah sidik', 121),
(2454, 'ibu nafisa', 111),
(2455, 'BPK karti', 117),
(2456, 'ginem', 120),
(2457, 'Salimah', 116),
(2458, 'mbah lasmira', 121),
(2459, 'ibu painten', 122),
(2460, 'rawidin', 120),
(2461, 'mbah daim', 121),
(2462, 'mak paina', 120),
(2463, 'mbok sar', 117),
(2464, 'Bpk Karti', 116),
(2465, 'mbah jaiz', 122),
(2466, 'bandi', 120),
(2467, 'mbah hanafi', 121),
(2468, 'mbok ten', 117),
(2469, 'Mbah Djimah', 119),
(2470, 'Mbah Mualif', 119),
(2471, 'Mbok Wariah', 119),
(2472, 'Mbah Ni', 119),
(2473, 'Mbah Kemis', 119),
(2474, 'Bapak Ridwan', 119),
(2475, 'Darimen', 119),
(2476, 'Karinem', 119),
(2477, 'Ahmad', 119),
(2478, 'Bapak Suli', 119),
(2479, 'Mbah Wagimen', 119),
(2480, 'Bapak Rin', 119),
(2481, 'Praptiwi', 119),
(2482, 'Yumini', 119),
(2483, 'Ernawati', 119),
(2484, 'mbok satun', 120),
(2485, 'mbah sakirah', 122),
(2486, 'mbah warsini', 121),
(2488, 'mbah maryam', 121),
(2489, 'YAI kasi', 117),
(2490, 'cak murjadi ', 120),
(2491, 'mbah taerah', 122),
(2492, 'BPK wagimen', 117),
(2493, 'mbah baina', 121),
(2494, 'mbok latipah', 120),
(2495, 'mbah katrawi', 122),
(2496, 'mbok raminah', 117),
(2497, 'mat deli', 120),
(2498, 'mbah arbainah', 122),
(2499, 'mbok mutmainah', 121),
(2500, 'sariyah', 120),
(2501, 'BPK kasimen', 117),
(2502, 'mbah jari', 121),
(2503, 'mbah kaseri', 122),
(2504, 'ibu suliati', 120),
(2505, 'siti aisyah', 121),
(2506, 'bu darmi', 120),
(2507, 'bpk satam', 121),
(2508, 'bpk Abdul rohman', 123),
(2509, 'BPK riamen', 117),
(2510, 'Pak Lainat', 125),
(2511, 'aritri wardana', 122),
(2512, 'mbok poniten', 123),
(2513, 'fauzi ferdianto', 121),
(2514, 'mbah nodo', 121),
(2515, 'bulek narti', 117),
(2516, 'Adek Ta.i', 125),
(2517, 'ibu futikhat', 122),
(2518, 'Bapak Rochmad', 124),
(2519, 'mbok ngaisah', 123),
(2520, 'lamini', 121),
(2521, 'mbok markatam', 123),
(2522, 'BPK kasbon', 117),
(2523, 'Adek Amin', 125),
(2531, 'mbah sitiana', 121),
(2532, 'mbah sidiq', 123),
(2533, 'mbok atem', 117),
(2534, 'bpk satam', 126),
(2535, 'ibu dewi', 121),
(2536, 'mbah lasmira', 123),
(2537, 'Pak Dahar', 125),
(2538, 'mbok poniti', 117),
(2539, 'bpk wagirin', 126),
(2540, 'bpk naserun', 126),
(2541, 'bpk darsam', 126),
(2542, 'Pak Siyamun', 125),
(2543, 'bpk yasin Gondanglegi ', 121),
(2544, 'bapak saim', 126),
(2545, 'mbah kasmino', 123),
(2546, 'pak lek ji', 121),
(2547, 'M .slamet Riyadi ', 117),
(2548, 'Bu Siyamun', 125),
(2549, 'mbah paito', 127),
(2550, 'bpk soleh', 121),
(2551, 'bpk biarken', 126),
(2552, 'ibu kaya', 123),
(2553, 'sunaryo', 117),
(2554, 'mbah yasek', 121),
(2555, 'mbah si.in', 127),
(2556, 'ibu rumina', 123),
(2557, 'rami', 117),
(2558, 'bpk mursyid', 126),
(2559, 'Bu Sudaya', 125),
(2560, 'bpk sunarlan', 121),
(2561, 'mbah alim', 127),
(2562, 'mbok timbang', 126),
(2563, 'bpk satam', 123),
(2564, 'pak pin', 121),
(2565, 'mbok darmi', 126),
(2566, 'BPK supingi', 117),
(2567, 'mbok asiah', 127),
(2568, 'mbah paijan', 123),
(2569, 'Tartep', 125),
(2570, 'bpk ponaji', 121),
(2571, 'mbok samirah', 127),
(2572, 'kholiq', 123),
(2573, 'wak atim', 126),
(2574, 'Nawaro', 125),
(2575, 'ibu zulaikha', 121),
(2576, 'bapak nodo', 123),
(2577, 'purnomo', 126),
(2578, 'moh nur kholik', 127),
(2579, 'mak tumini', 121),
(2580, 'ibu lamini', 123),
(2581, 'Pak Jauri', 125),
(2582, 'didik mahmudi', 126),
(2583, 'ibu tiana', 123),
(2584, 'moh nurul kasan', 127),
(2585, 'mbah saman', 123),
(2586, 'kaseni', 127),
(2587, 'umii', 126),
(2588, 'mba rapiyah', 123),
(2589, 'mbah syukur', 127),
(2590, 'mbah tajam', 123),
(2591, 'bu samiati', 126),
(2592, 'mbah kurmin', 127),
(2593, 'Bu Jauri', 125),
(2594, 'gatot', 126),
(2595, 'mbah maryam', 123),
(2596, 'ngatono', 127),
(2597, 'mak tarmiati', 128),
(2598, 'bu niamah', 126),
(2599, 'bpk amin', 128),
(2600, 'mbah warno', 123),
(2601, 'suratinem', 127),
(2602, 'bu lamija', 126),
(2603, 'pak ken', 126),
(2604, 'Pak Tajam', 125),
(2605, 'bpk karti', 127),
(2606, 'mbok samina', 128),
(2607, 'mak nik', 126),
(2608, 'bpk urip', 128),
(2609, 'mba rumina', 123),
(2610, 'BPK Marto kemi', 129),
(2611, 'ibu seniah', 126),
(2612, 'mbok kamina', 128),
(2613, 'Andik Widodo', 125),
(2614, 'bpk buamin', 126),
(2615, 'mbok ni', 128),
(2616, 'mbah sangkat', 127),
(2617, 'bpk kasbun', 123),
(2618, 'bu ngatminah', 126),
(2619, 'siti hindun', 128),
(2620, 'bpk karim', 123),
(2621, 'mbah poso', 127),
(2622, 'BPK sukadi', 129),
(2623, 'bpk daim', 126),
(2624, 'maulidia', 128),
(2625, 'Siti Mariyam', 125),
(2626, 'BPK tono', 129),
(2627, 'rohmad', 126),
(2628, 'mbah lebo', 127),
(2629, 'bpk h rois', 128),
(2630, 'bpk khamid', 126),
(2631, 'Bu sutami', 129),
(2632, 'ibu ngatiyah', 127),
(2633, 'abd falah', 123),
(2634, 'pak ruslan', 126),
(2635, 'ibu poniti', 123),
(2636, 'mbah san', 127),
(2637, 'BPK mat seno', 129),
(2638, 'mbah kimah', 123),
(2639, 'mbah ran', 127),
(2640, 'bpk h mukti', 128),
(2641, 'mbah karjan', 123),
(2642, 'H. Maleha', 125),
(2643, 'bpk warsito', 126),
(2644, 'mak ngateni', 128),
(2645, 'mbah kasemi', 127),
(2646, 'mbak rama', 126),
(2647, 'mbah kusen', 123),
(2648, 'mbah joko', 127),
(2649, 'mba timah', 123),
(2650, 'bpk sambari', 126),
(2651, 'mbok ngatminah', 128),
(2652, 'moh rai', 126),
(2653, 'bpk ponari', 127),
(2654, 'mbah asri', 123),
(2655, 'Pak Malikha', 125),
(2656, 'bpk seniman', 126),
(2657, 'mbah paini', 128),
(2658, 'bpk kadir', 127),
(2659, 'BPK kusnadi', 129),
(2660, 'hj qomariyah', 123),
(2661, 'mbok rapik', 126),
(2662, 'maulidin amin', 128),
(2663, 'suwardi', 127),
(2664, 'bpk soleh', 123),
(2665, 'mbah burawi', 126),
(2666, 'hj sholikha', 129),
(2667, 'moh nur', 126),
(2668, 'ibu tianah', 127),
(2669, 'bpk h asari', 128),
(2670, 'ibu maimuna', 123),
(2671, 'sugeng', 126),
(2672, 'Mbah mail', 129),
(2673, 'yai sengari', 128),
(2674, 'ibu zulaikah', 123),
(2675, 'bpk sapiin', 126),
(2676, 'h sairoji', 127),
(2677, 'bpk sarkawi', 128),
(2678, 'Mbah sadekya', 129),
(2679, 'mbah joyo sekalian', 126),
(2680, 'Hj. Maimunah', 125),
(2681, 'yai katam', 128),
(2682, 'Mbah pairin ', 129),
(2683, 'bpk sutoyo bangil', 123),
(2684, 'mbak ngatiyah', 127),
(2685, 'ibu waqidah', 126),
(2686, 'mbok natun', 128),
(2687, 'ibu yumai', 123),
(2688, 'Mbah poninten', 129),
(2689, 'hj siti aminah', 127),
(2690, 'bpk toha', 128),
(2691, 'Pak Salamun', 125),
(2692, 'bpk ali wafa', 127),
(2693, 'bu rom ', 128),
(2694, 'pak de ji', 129),
(2695, 'Bapak Ali Sami.un', 124),
(2696, 'Bapak Sahar', 124),
(2697, 'Bapak Amun', 124),
(2698, 'Bapak Ngasim', 124),
(2699, 'Bapak Sariyah', 124),
(2700, 'Bapak Ratemen', 124),
(2701, 'Mbah Haji', 124),
(2702, 'Juwaidah', 124),
(2703, 'Solichah', 124),
(2704, 'Bu Waras', 124),
(2705, 'Bapak Kiden', 124),
(2706, 'Bapak Mahfud', 124),
(2707, 'Bapak Kiman', 124),
(2708, 'Bapak Ali', 124),
(2709, 'Sihab', 124),
(2710, 'Bu Siti', 124),
(2711, 'Bapak Kastubi', 124),
(2712, 'Bapak Sriyono', 124),
(2713, 'Bapak Ridwan', 124),
(2714, 'Mbok Wari.ah', 124),
(2715, 'Ibu Kamsatin', 124),
(2716, 'Bapak Panaji', 124),
(2717, 'Bapak Khamid', 124),
(2718, 'Bu Wali.ah', 124),
(2719, 'Suningrat', 124),
(2720, 'Bapak Sapar', 124),
(2721, 'Bapak Tamar', 124),
(2722, 'Mbok Wasiah', 124),
(2723, 'Bapak Misdi', 124),
(2724, 'Ibu Ernawati', 124),
(2725, 'Mbak Ari', 124),
(2726, 'Bu Fatimah', 124),
(2727, 'bu supiatin', 128),
(2728, 'ibu siti khalimah', 127),
(2729, 'Mbah mut', 129),
(2730, 'Bu Bainah', 125),
(2731, 'bpk sholeh', 127),
(2732, 'cak yusuf', 127),
(2733, 'Mbah rah', 129),
(2734, 'bpk satam', 127),
(2735, 'bpk siran', 131),
(2736, 'pak lek kadi', 129),
(2737, 'bpk rameli', 130),
(2738, 'mbah supiyah', 127),
(2739, 'bpk paito', 131),
(2740, 'bpk drawi', 130),
(2741, 'bpk alim', 131),
(2742, 'bpk sholeh', 130),
(2743, 'Aminah', 125),
(2744, 'bpk mas sujono', 127),
(2745, 'Mbah rusmini', 129),
(2746, 'bpk marwan', 131),
(2747, 'bpk jasemin', 130),
(2748, 'ibu sulastri', 127),
(2749, 'Mujiati', 125),
(2750, 'mbok tukah', 130),
(2751, 'bpk kadir', 131),
(2752, 'mbok sar', 130),
(2753, 'bpk darwin', 131),
(2754, 'adik nanda bagus sujono', 127),
(2755, 'bude poniyem', 129),
(2756, 'bpk jumain', 130),
(2757, 'bpk kaseran', 131),
(2758, 'yai kasih', 130),
(2759, 'mbok asia', 131),
(2760, 'Mbah mangun', 129),
(2761, 'Pak Timin', 125),
(2762, 'yai karim', 130),
(2763, 'bpk kh tohir', 132),
(2764, 'liana', 130),
(2765, 'ibu hj qomariah', 127),
(2766, 'saidun', 130),
(2767, 'mbok samirah', 131),
(2768, 'ibu simpen', 129),
(2769, 'sofwan', 130),
(2770, 'bpk satar', 127),
(2771, 'mbah katijah', 131),
(2772, 'salimah', 130),
(2773, 'bpk kh amir', 132),
(2774, 'mbah suratan', 127),
(2775, 'turimen', 130),
(2776, 'mbok ponima', 131),
(2777, 'Pak Wagiren', 125),
(2778, 'bpk kh nur salim', 132),
(2779, 'poninten', 130),
(2780, 'Trinil emilia', 129),
(2781, 'ibu taminah', 127),
(2782, 'mohon nir kholiq', 131),
(2783, 'mukminah', 130),
(2784, 'bpk kh rifai', 132),
(2785, 'bpk ponaji ', 127),
(2786, 'bu paini', 130),
(2787, 'Yai Warimen', 125),
(2788, 'nuurl khasan', 131),
(2789, 'pitono', 130),
(2790, 'ibu suliati', 129),
(2791, 'kaseni', 131),
(2792, 'sunariyah', 130),
(2793, 'mbah yasik', 127),
(2794, 'bpk kh masykur', 132),
(2795, 'misdin', 130),
(2797, 'yai taman', 131),
(2798, 'Mbok Jariyah', 125),
(2799, 'siti', 130),
(2800, 'nasri', 131),
(2801, 'bpk kh mustain', 132),
(2802, 'tayep', 130),
(2803, 'ibu aminah', 131),
(2804, 'markamah', 130),
(2805, 'bpk. h nur salim', 132),
(2806, 'kartini', 130),
(2807, 'Pak Rohmad', 125),
(2808, 'bpk tasman gresik', 131),
(2809, 'bpk riamin', 130),
(2810, 'mbah syamsuri', 132),
(2811, 'mahmudi', 130),
(2812, 'mbah badiah', 132),
(2813, 'bpk warno', 130),
(2814, 'Miskan', 125),
(2815, 'mbah ariyah', 132),
(2816, 'bpk kasbun', 130),
(2817, 'mbah amir', 134),
(2818, 'mbh munafiah', 132),
(2819, 'Legina', 125),
(2820, 'joko saputro', 130),
(2821, 'mbah poninten ', 134),
(2822, 'ibu sunarti', 130),
(2823, 'BPK si.in', 135),
(2824, 'ini mnais gresik', 131),
(2825, 'Legima', 125),
(2826, 'bpk khusnan', 132),
(2827, 'mbok atim', 130),
(2828, 'mbah murdani', 134),
(2829, 'bpk suhud', 132),
(2830, 'siti rohmah', 130),
(2831, 'mbok soyah', 135),
(2832, 'hj siti aminah', 131),
(2833, 'Musni', 125),
(2834, 'bpk imam', 134),
(2835, 'mbok warsih', 130),
(2836, 'bpk muhammad', 132),
(2837, 'bpk makin', 131),
(2838, 'mbok rami ', 135),
(2839, 'ibu supina', 134),
(2840, 'ibu asia', 132),
(2841, 'ibu maliah', 130),
(2842, 'Muriati', 125),
(2843, 'nur kholiq', 135),
(2844, 'mbok lasri', 131),
(2845, 'bpk tasdik natuna', 130),
(2846, 'bpk kusaeri', 134),
(2847, 'ibu yaminah', 132),
(2848, 'BPK said', 135),
(2849, 'ibu murtasih', 134),
(2850, 'bpk markaban', 131),
(2851, 'mbok katin', 135),
(2852, 'ibu cuzaimah', 134),
(2853, 'ibu fitriya', 131),
(2854, 'Bapak Satam', 125),
(2855, 'ibu nur khasanah', 132),
(2856, 'BPK suharto', 135),
(2857, 'mbok katinah', 131),
(2858, 'bpk mahfudz', 134),
(2859, 'Bapak Kaimun', 125),
(2860, 'bpk lasma', 131),
(2861, 'ibu khalimah', 134),
(2862, 'Pak Nodo', 125),
(2863, 'ibu jumakyah', 132),
(2864, 'b0k ali wafa', 131),
(2865, 'Mbah watiyem', 135),
(2866, 'bpk darsam', 136),
(2867, 'sdr akhyak', 134),
(2868, 'Ibu Tiana', 125),
(2869, 'bpk alim', 136),
(2870, 'ibu Siti khalima', 131),
(2871, 'ibu simpen', 132),
(2872, 'bpk yeki', 136),
(2873, 'jumila', 131),
(2874, 'ibu mamnu.ah', 134),
(2875, 'bpk temin', 136),
(2876, 'BPK kadir', 135),
(2877, 'Yulaikha', 125),
(2878, 'paklek maksum', 132),
(2879, 'bpk rakimin', 136),
(2880, 'mbok siah', 135),
(2881, 'bpk Abdul qodir', 131),
(2882, 'mbah ska.', 134),
(2883, 'bpk turah', 136),
(2884, 'paklek akhwan', 132),
(2885, 'Ibu Mujayatin', 125),
(2886, 'bpk satar', 131),
(2887, 'bpk paimin', 136),
(2888, 'Budi Hariyanto ', 135),
(2889, 'mbah nasi.ah', 134),
(2890, 'bpk ba.i', 136),
(2891, 'ibu taminah', 131),
(2892, 'Ibu Yatemi', 125),
(2893, 'Mbah kasim', 135),
(2894, 'mbak surotul maidah', 132),
(2895, 'bpk saruki', 136),
(2896, 'ibu suratun', 131),
(2897, 'ibu sumiati', 136),
(2898, 'nenek upi. tijah', 134),
(2899, 'mbah drawi', 131),
(2900, 'Dul Jalal', 125),
(2901, 'ibu rum', 136),
(2902, 'mbak lilik sismiati', 132),
(2903, 'hj Siti aminah', 135),
(2904, 'ibu kasiani', 136),
(2905, 'kakek keneng', 134),
(2906, 'BPK darmin', 135),
(2907, 'Bpk Dollah', 125),
(2908, 'ibu maryam', 134),
(2909, 'ibu suyati', 136),
(2910, 'mbak inayatul amalia', 132),
(2911, 'muhammad rayyan alzizan', 131),
(2912, 'bpk legimen', 134),
(2913, 'ibu paimin', 136),
(2914, 'sdr rizky', 134),
(2915, 'Bu Tamiati', 125),
(2916, 'mbok Siti khalimah ', 135),
(2917, 'bpk jari', 132),
(2918, 'ibu turah', 136),
(2919, 'ibu misah', 136),
(2920, 'BPK katibin ', 135),
(2921, 'ibu seten', 132),
(2922, 'ibu misla', 136),
(2923, 'bpk samaji', 132),
(2924, 'sdr annisa fermi Putranto ', 134),
(2925, 'BPK satar', 135),
(2926, 'ibu sardi', 136),
(2927, 'yai sarin', 134),
(2928, 'ibu natin', 136),
(2929, 'bpk h Burhanudin ', 132),
(2930, 'ibu sairah', 136),
(2931, 'mbah ngarinten', 134),
(2932, 'bpk kasuwan', 137),
(2933, 'ibu sunarika', 135),
(2934, 'ibu satupah', 136),
(2935, 'sdr keling', 134),
(2936, 'bpk sariban', 137),
(2937, 'tiani', 135),
(2938, 'ibu fariati', 134),
(2939, 'bpk hadi prayitno', 136),
(2940, 'bpk semu', 137),
(2941, 'ibu bani lasmi', 136),
(2942, 'bpk h masadi', 132),
(2943, 'bok karnadi', 137),
(2944, 'bpk kuslan', 136),
(2945, 'ibu binti suryani', 135),
(2946, 'bpk ischaq', 134),
(2947, 'bpk parlan', 137),
(2948, 'ibu yuslikah', 136),
(2949, 'bpk h hasan anwar', 132),
(2950, 'Mbah Buyut Nur Ali', 138),
(2951, 'ibu naripah', 136),
(2952, 'bpk h Sumantri ', 132),
(2953, 'ibu mujiati', 136),
(2954, 'bpk h masduki', 132),
(2955, 'mbok marlina', 137),
(2956, 'bpk miswan', 136),
(2957, 'mbok ngatri', 137),
(2958, 'surip', 136),
(2959, 'Mbah Buyut Rukiyah', 138),
(2960, 'mbok warsini', 137),
(2961, 'adik saren', 137),
(2962, 'bpk kasemin', 139),
(2963, 'ibu musofa', 137),
(2964, 'Mbah Buyut Sapari', 138),
(2965, 'mbok kamiatun', 132),
(2966, 'bpk mardani', 139),
(2967, 'matasar', 136),
(2968, 'bpk mulyono', 137),
(2969, 'bpk abidin', 139),
(2970, 'mbah nasib', 132),
(2971, 'bpk daun', 137),
(2972, 'mijan', 136),
(2973, 'bpk sarin', 139),
(2974, 'yai munsarib', 132),
(2975, 'bpk ngadiono', 137),
(2976, 'bpk mahfud', 139),
(2977, 'Mbah Buyut Sukarseh', 138),
(2978, 'mbok ramsiyh', 132),
(2979, 'bpk imam', 139),
(2980, 'ibu rumakyah', 137),
(2981, 'ibu nasrik', 137),
(2982, 'bpk musatajab', 132),
(2983, 'yai murdani', 139),
(2984, 'bpk jalil', 132),
(2985, 'bpk iwan', 137),
(2986, 'sareng', 136),
(2987, 'yai amir ', 139),
(2988, 'Mbah Buyut Rupik', 138),
(2989, 'suhari', 136),
(2990, 'yai run', 139),
(2991, 'samiji', 136),
(2992, 'nyai marlin', 139),
(2993, 'hindun', 132),
(2994, 'bpk nasikat', 137),
(2995, 'nyai saropah', 139),
(2996, 'maulidiyah', 136),
(2997, 'bpk nursalam', 137),
(2998, 'siti nuzuliah', 132),
(2999, 'Mbah Buyut Amah', 138),
(3000, 'adik hermanto', 137),
(3001, 'nyai kasiatin', 139),
(3002, 'bpk sutrisno', 137),
(3003, 'nyai gisa', 139),
(3004, 'yi nasir', 132),
(3005, 'moh ikyak', 139),
(3006, 'nyai kamini', 132),
(3007, 'Mbah Buyut Tasemun', 138),
(3008, 'bpk ramelan', 137),
(3009, 'upitiyah', 139),
(3010, 'bpk khoiron', 132),
(3011, 'poninten', 139),
(3012, 'Mbah Buyut Tiyamah', 138),
(3013, 'warino', 139),
(3014, 'bpk sholeh', 137),
(3015, 'bpk jam.ah', 132),
(3016, 'murtasiah', 139),
(3017, 'bawon', 136),
(3018, 'ibu khusniah', 132),
(3019, 'ibu murni', 137),
(3020, 'pak salam', 136),
(3021, 'ibu jainah', 139),
(3022, 'Mbah Buyut Sateni', 138),
(3023, 'ibu tutik', 137),
(3024, 'ibu tasmini', 132),
(3025, 'bpk samsuri', 132),
(3026, 'tunik', 139),
(3027, 'jumakyah', 139),
(3028, 'Mbah Buyut Kakung', 138),
(3029, 'ibu malikha', 132),
(3030, 'dul rohman', 139),
(3031, 'mbk fiatus solikha', 132),
(3032, 'bpk hj fatah', 132),
(3033, 'bpk h soleh', 132),
(3034, 'Mbah Yai Sa.im', 138),
(3035, 'ibu hj latifah', 132),
(3036, 'bpk si.in', 140),
(3037, 'Mbok Watenah', 138),
(3038, 'bpk kh Abdurrahman ', 132),
(3039, 'bpk lasemo', 140),
(3040, 'ibu nyai sianik', 132),
(3041, 'bpk supardi', 140),
(3042, 'bpk hj Muhammad tohir', 132),
(3043, 'bpk supangat', 140),
(3044, 'Mbah Yai Samad', 138),
(3045, 'ibu hj solihah', 132),
(3046, 'ibu siti asia', 140),
(3047, 'bpk qomari', 132),
(3048, 'mbah warsima', 141),
(3049, 'Nyai Sabanah', 138),
(3050, 'budhe tri komari', 132),
(3051, 'ibu waqini', 140),
(3052, 'bpk suyatno', 132),
(3053, 'ibu yayuk suyatno', 132),
(3054, 'ibu sumiati', 140),
(3055, 'Mbah Yai Ponirah', 138),
(3056, 'buyut sapuna', 141),
(3057, 'bpk masud', 132),
(3058, 'mbah tas', 140),
(3059, 'ibu waekah', 132),
(3060, 'mbah dasuki', 140),
(3061, 'mbah salikan', 141),
(3062, 'ibu masuda', 132),
(3063, 'Mbok Maimunah', 138),
(3064, 'bpk hj nizar', 132),
(3065, 'mbok katinah', 140),
(3066, 'mbok napisah', 140),
(3067, 'Mbah Yai Sakir', 138),
(3068, 'mbah sribana', 141),
(3069, 'mbok sumanik', 140),
(3070, 'ibu sarniti', 141),
(3071, 'moh. tosari', 140),
(3072, 'ibu tatik', 132),
(3073, 'Mbah Sulastri', 138),
(3074, 'moh baseri', 140),
(3075, 'ibu wasita', 141),
(3076, 'ibu dwi permana', 132),
(3077, 'ibu kinaya', 141),
(3078, 'ibu rini hudayah', 132),
(3079, 'Bpk Somad', 138),
(3080, 'kusnayati', 140),
(3081, 'ibu kurnia', 132),
(3082, 'mbah tasuri', 141),
(3083, 'supriadi', 140),
(3084, 'fajriyah', 132),
(3085, 'Ibu Mariani', 138),
(3086, 'farid lukman', 140),
(3087, 'bpk gufron', 132),
(3088, 'Mbok Samirah', 133),
(3089, 'Bapak Kanam', 133),
(3090, 'Mbok Marsi', 133),
(3091, 'Bapak Alim', 133),
(3092, 'Riono', 133),
(3093, 'Mustofa', 133),
(3094, 'Nuril Alfiah', 133),
(3095, 'Arba.ati', 133),
(3096, 'Bapak Taman', 133),
(3097, 'Tumaji', 133),
(3098, 'Mahmud', 133),
(3099, 'Buyut Jemurah', 133),
(3100, 'Buyut Ramsunah', 133),
(3101, 'Bapak Kasman', 133),
(3102, 'Bu Manis', 133),
(3103, 'Yai Akub', 133),
(3104, 'Sumarjito', 133),
(3105, 'Ibu Sukarni', 133),
(3106, 'Ibu Mukayah', 133),
(3107, 'Bapak Ponari', 133),
(3108, 'Buyut Syarif', 133),
(3109, 'Yai Padi', 133),
(3110, 'Yai Marsam', 133),
(3111, 'Mbok Kalinah', 133),
(3112, 'Bapak Mukayah', 133),
(3113, 'Bu Puwanti', 133),
(3114, 'Bapak Salim', 133),
(3115, 'Bapak Suparman', 133),
(3116, 'Bu Yatumi', 133),
(3117, 'Bapak Saim', 133),
(3118, 'Bapak M. Sholeh', 133),
(3119, 'Bu Kamsah', 133),
(3120, 'Bu Nasri', 133),
(3121, 'Cak Makin', 133),
(3122, 'Saudara Yusuf', 133),
(3123, 'Yai Ahmadi', 133),
(3124, 'Mbah Akhmad', 133),
(3125, 'Mbah Satinah', 133),
(3126, 'Mbah Pramu', 133),
(3127, 'Mbah Muslim', 133),
(3128, 'Bapak Sutaman', 133),
(3129, 'Bapak Juma.in', 133),
(3130, 'Bapak Subagiyo', 133),
(3131, 'Bapak Ali Wafa', 133),
(3132, 'Ibu Tiami', 133),
(3133, 'Ibu Maisaroh', 133),
(3134, 'Bapak Kasan', 133),
(3135, 'Siti Fatimah', 133),
(3136, 'Bapak Khamim', 133),
(3137, 'Bapak Di.un', 133),
(3138, 'Ibu Tsunami', 133),
(3139, 'Ibu Taminah', 133),
(3140, 'wariah', 140),
(3141, 'bpk syafii', 132),
(3142, 'buyut muna', 141),
(3143, 'Ibu Siti Khasanah', 138),
(3144, 'ismail', 140),
(3145, 'yai tarsiman', 141),
(3146, 'bpk kadir', 140),
(3147, 'Sdr. M. Nur Cahyo', 138),
(3148, 'bpk h munir', 132),
(3149, 'hendrik widodo', 141),
(3150, 'ibu sariatunt', 132),
(3151, 'Bpk Janib', 138),
(3152, 'm ubaidillah hasyim asyari', 140),
(3153, 'ibu lutfiah', 132),
(3154, 'bpk mashudi', 132),
(3155, 'ibu fitriyah', 140),
(3156, 'siti Kurnia sari', 141),
(3157, 'Ibu Dewi Sulastin', 138),
(3158, 'bu mariyah', 140),
(3159, 'bpk h ja.far sodiq', 132),
(3160, 'Adik Nia', 138),
(3161, 'mbah warsim', 141),
(3162, 'hj siti aminah', 140),
(3163, 'bpk Abdullah ', 132),
(3164, 'nur kholik', 140),
(3165, 'mbah kastari', 141),
(3166, 'bpk sudipyo', 132),
(3167, 'Yai Abdurohman', 138),
(3168, 'ibu sumiati', 132),
(3169, 'bpk ali wafa', 140),
(3170, 'bpk sukarman', 132),
(3171, 'yai tamanu', 141),
(3172, 'Ibu Ngatminah', 138),
(3173, 'bpk parno', 132),
(3174, 'ibu siti khalimah', 140),
(3175, 'ibu supiyah', 140),
(3176, 'Yai Muhson', 138),
(3177, 'Bapak KH. Achmadi', 142),
(3178, 'mbah tamsir', 141),
(3179, 'bpk satar', 140),
(3180, 'bpk h tolhah hasan', 132),
(3181, 'bpk parman', 140),
(3182, 'Ust. Slamet', 138),
(3183, 'bpk h ghosali', 132),
(3184, 'ibu suli.ah', 141),
(3185, 'h ja.far sodiq', 132),
(3186, 'budiono', 141),
(3187, 'Ibu Wagisri', 138),
(3188, 'Bpk Ruslan', 138),
(3189, 'kyai h basori alwi', 132),
(3190, 'bpk dola pasuruan', 141),
(3191, 'Bude Siswanti', 138),
(3192, 'bpk mahfud sam', 132),
(3193, 'gus hamam', 132),
(3194, 'yai saripan', 141),
(3195, 'bpk muhfid', 132),
(3196, 'bpk khusnan', 132),
(3197, 'bpk panji', 141),
(3198, 'Bude Sus Surabaya', 138),
(3199, 'bpk iskhak bedali', 141),
(3200, 'Pakde Wi Dinoyo', 138),
(3201, 'mbah sapar', 141),
(3202, 'ibu nyai latifah', 132),
(3203, 'gus badawi', 132),
(3204, 'Pak Ahmad Losari', 138),
(3205, 'mbah bahrum', 141),
(3206, 'ibu hariyati', 132),
(3207, 'mbah sukini', 141),
(3208, 'Bpk Gufron', 138),
(3209, 'bpk fauzan mardi', 132),
(3210, 'hj slamet', 141),
(3211, 'ibu hjah nur saida', 132),
(3212, 'bpk Muhammad sunaryo', 141),
(3213, 'bpk khoirul anwar', 132),
(3214, 'Anak Naura Aisah Maulidiyah', 138),
(3215, 'bpk pandhol', 141),
(3216, 'h mashadi dahlan', 132),
(3217, 'Bpk Sugito', 138),
(3218, 'hj muqawana', 132),
(3219, 'ibu parwidah', 141),
(3220, 'mbah muh dahlan', 132),
(3221, 'Ibu Li.anah', 138),
(3222, 'mbah dwi maysaroh', 132),
(3223, 'ibu alifah', 141),
(3224, 'bpk hj mahmud', 132),
(3225, 'budhe asia', 132),
(3226, 'bpk h su.ud', 132),
(3227, 'ibu asia', 132),
(3228, 'Bpk Nodo', 143),
(3229, 'Bapak Kasan', 142),
(3230, 'Bapak Sholeh', 142),
(3231, 'Mbah Pramu', 142),
(3232, 'Mbah Akhmad', 142),
(3233, 'Mbah Moslem', 142),
(3234, 'Mbah Mariani', 142),
(3235, 'Mbah Khanam', 142),
(3236, 'Mbah Alim', 142),
(3237, 'Mbah Satinah', 142),
(3238, 'Mbah Saminah', 142),
(3239, 'Mbok Kamisah', 142),
(3240, 'Mbok Kaminten', 142),
(3241, 'Mbok Rasi', 142),
(3242, 'Mbok Marsih', 142),
(3243, 'Mbok Samirah', 142),
(3244, 'Mbah Yu Nur Khasanah', 142),
(3245, 'Adik Imam Wahyudi', 142),
(3246, 'Ruba.ati', 142),
(3247, 'Bu Tamina', 142),
(3248, 'Bapak Wakhit', 142),
(3249, 'Bapak Abdurrokhim', 142),
(3250, 'Mbah Kalipa', 142),
(3251, 'Buyut Ponimen', 142),
(3252, 'Bpk Satam', 143),
(3253, 'Bpk Salamun', 143),
(3254, 'Bpk Warsan', 143),
(3255, 'mbok ngatri', 144),
(3256, 'Bpk M. Sholeh', 143),
(3257, 'mbok marlina', 144),
(3258, 'mbok ngatminah', 144),
(3259, 'Khasan', 143),
(3260, 'ibu warsini', 144),
(3261, 'Khusein', 143),
(3262, 'Bapak Raon', 145),
(3263, 'ibu musofah', 144),
(3264, 'ibu neti', 144),
(3265, 'ibu ba.atin', 144),
(3266, 'Ahmad Fauzi', 143),
(3267, 'Ibu Tianah', 143),
(3268, 'bpk ramelan', 144),
(3269, 'bpk kasuwan', 144),
(3270, 'Ibu Qomariyah', 143),
(3271, 'bpk semu', 144),
(3272, 'bpk kholil', 144),
(3273, 'bpk Abdul ghofur', 144),
(3274, 'bpk kasdi', 144),
(3275, 'bpk sampun', 144),
(3276, 'Mbah Lasmira', 143),
(3277, 'bpk jumana', 144),
(3278, 'bpk ma.in', 144),
(3279, 'bpk zahrom', 144),
(3280, 'Mbah Tiwar', 143),
(3281, 'sumiati', 144),
(3282, 'ponirun', 144),
(3283, 'riami', 144),
(3284, 'Ibu Lasmira', 143),
(3285, 'khusnan', 144),
(3286, 'mulyatno', 144),
(3287, 'Mbah Mariyam', 143),
(3288, 'talim', 144),
(3289, 'rumakyah', 144),
(3290, 'misto', 144),
(3291, 'Ibu Khotimah', 143),
(3292, 'misikha', 144),
(3293, 'yuda yuliana', 144),
(3294, 'Ibu Zulaikha', 143),
(3295, 'devi purnama sari', 144),
(3296, 'mba alim', 144),
(3297, 'san lin', 144),
(3298, 'kaseni', 144),
(3299, 'bpk kabul', 144),
(3300, 'ibu aliyak', 144),
(3301, 'ibu busina', 144),
(3302, 'Bapak Saim', 145),
(3303, 'Mbok Satun', 145),
(3304, 'Mbok Warsi', 145),
(3305, 'Mbok Wagina', 145),
(3306, 'Mbok Sarpunah', 145),
(3307, 'Mbok Tini', 145),
(3308, 'Mbok Timah', 145),
(3309, 'Riaten', 145),
(3310, 'Parti.a', 145),
(3311, 'Palel', 145),
(3312, 'Yai Taman', 145),
(3313, 'Nyai Sri', 145),
(3314, 'Salechah', 145),
(3315, 'Yai Painten', 145),
(3316, 'Pakeh', 145),
(3317, 'Satemi', 145),
(3318, 'Ul Fatimah', 145),
(3319, 'Sarkunah', 145),
(3320, 'Bu Salamah', 145),
(3321, 'Yu Pi.ani', 145),
(3322, 'Lia', 145),
(3323, 'Mbah Manis', 145),
(3324, 'Mbah Tasman', 145),
(3325, 'Mbok Nasrik', 145),
(3326, 'Bapak Kaimam', 145),
(3327, 'Sulistio', 145),
(3328, 'Bapak M. Sholeh', 145),
(3329, 'Ibu Kartini', 145),
(3330, 'Slamet', 145),
(3331, 'Bapak Ali Wafa', 145),
(3332, 'Yuli Astutik', 145),
(3333, 'Bapak Ali', 145),
(3334, 'Bapak Buadi', 145),
(3335, 'Abdul khalim', 144),
(3336, 'bpk aliyamat', 144),
(3337, 'ibu katri', 144),
(3338, 'bpk trimo', 144),
(3339, 'sukamto', 144),
(3340, 'sutinah', 144),
(3341, 'bpk bahrun', 144),
(3342, 'karena sambil azzahra', 144),
(3343, 'ibu nasriah', 144),
(3344, 'ibu sapiyah', 144),
(3345, 'Bapak  Alim', 146),
(3346, 'mbah mini', 144),
(3347, 'ngadiono', 144),
(3348, 'ibu ngatminah', 144),
(3349, 'teguh aji santoso', 144),
(3350, 'mbah kasiyati', 147),
(3351, 'bpk bambang', 147),
(3352, 'suci gara wati', 147),
(3353, 'mbah businah', 147),
(3354, 'nah kalil', 147),
(3355, 'mbok ngatri', 147),
(3356, 'mbah kaswan', 147),
(3357, 'devi permata sari', 147),
(3358, 'bpk liamat', 147),
(3359, 'ibu katri', 147),
(3360, 'bok nasikat', 147),
(3361, 'mbok nenti', 147),
(3362, 'mbah ramelan', 147),
(3363, 'ibu ti.aya', 147),
(3364, 'mbah supiyah', 147),
(3365, 'bapak semu', 148),
(3366, 'ibu musofah', 148),
(3367, 'bapak marjuki', 148),
(3368, 'ibu badreyah', 148),
(3369, 'Mbok Sanira', 146),
(3370, 'Bapak Raun', 146),
(3371, 'Mbok Tun', 146),
(3372, 'Mbok Jumamik', 146),
(3373, 'Mak Si', 146),
(3374, 'Shalehah', 146),
(3375, 'Shalamah  ', 146),
(3376, 'Mbok Nasrik', 146),
(3377, 'Bapak Taman', 146),
(3378, 'Bapak Sa.im', 146),
(3379, 'Ibu Yuni.ah', 146),
(3380, 'M. Yusuf', 146),
(3381, 'Cak Makin', 146),
(3382, 'Bapak Dahwan', 146),
(3383, 'Bapak Tumari', 146),
(3384, 'Olivia Pramita Putri', 146),
(3385, 'Bapak Ali Wafa', 146),
(3386, 'Mbah Satuna', 146),
(3387, 'Cak Jalil', 146),
(3388, 'Cak Pakih', 146),
(3389, 'Mbah Partia', 146),
(3390, 'Ibu Jaiya', 146),
(3391, 'Ibu Hadi', 146),
(3392, 'mba askar', 148),
(3393, 'mbah khulaini', 148),
(3394, 'bapak mahmud', 148),
(3395, 'baak iskandar', 148),
(3396, 'bpk yusuf', 148),
(3397, 'ustadzah mukayanah', 148),
(3398, 'kh alim sya.roni', 148),
(3399, 'hj musta.inah rifa.i', 148),
(3400, 'ibu ngatri sekalian', 148),
(3401, 'hj thosimah', 148),
(3402, 'Lasiman', 149),
(3403, 'mbah ghozali', 148),
(3404, 'bpk kasuwan', 148),
(3405, 'bpk ramelan', 148),
(3406, 'ibu ngatmina', 148),
(3407, 'ibu warsini', 148),
(3408, 'Mar.atus Sholichah', 150),
(3409, 'bpk ngadiono', 148),
(3410, 'Sri Wilujeng', 150),
(3411, 'ibu nasrik ', 148),
(3412, 'Hasyim', 150),
(3413, 'ibu supiyah', 148),
(3414, 'Bpk Saruki', 150),
(3415, 'alm keluarga bani sidiq', 148),
(3416, 'Hj. Siti Fatimah', 150),
(3417, 'alm keluarga bani ghozali', 148),
(3418, 'Bpk Temin', 150),
(3419, 'keluarga bani marjuki', 148),
(3420, 'Kasiani', 150),
(3421, 'Bpk H. Nursalim', 151),
(3422, 'Mbok Kasemi', 150),
(3423, 'Bpk Matrawi', 150),
(3424, 'Ibu Hj Ruqoiyah', 151),
(3425, 'Ibu Kamini', 150),
(3426, 'Kh. Zamrozi', 151),
(3427, 'Kh. Ahmadi', 151),
(3428, 'Ibu Latifah', 150),
(3429, 'Mbah Daim', 151),
(3430, 'Yai Diro', 150),
(3431, 'Yai Salimah', 150),
(3432, 'Mbah Naim', 151),
(3433, 'Mansur', 150),
(3434, 'Mbah Kariatun', 151),
(3435, 'Nyai Puk', 150),
(3436, 'Bude Sariati', 151),
(3437, 'Bpk Fauzan Mardi', 151),
(3438, 'Ibu Lutfiah', 151),
(3439, 'Yai Rasiman', 150),
(3440, 'Paman Jalil', 151),
(3441, 'Bpk Dollah', 150),
(3442, 'Paman Mustajab', 151),
(3443, 'Paman Munsarib', 151),
(3444, 'Bpk H. Abdullah', 150),
(3445, 'Mbah Ramsiyah', 151),
(3446, 'Salam', 149),
(3447, 'Salim', 149),
(3448, 'Munir', 149),
(3449, 'Wujud', 149),
(3450, 'Muhammad Sholeh', 149),
(3451, 'Mbok Salamah', 149),
(3452, 'Mbok Ramsiyah', 149),
(3453, 'Siti Aminah', 149),
(3454, 'Siti Khotijah', 149),
(3455, 'Siti Ponimah', 149),
(3456, 'Siti Sumariyah', 149),
(3457, 'Mbok Dramu', 149),
(3458, 'Mbok Ba.iyah', 149),
(3459, 'Mbok Wari', 149),
(3460, 'Mbok Poniti', 149),
(3461, 'Bapak Munsarip', 149),
(3462, 'Bapak Dramu', 149),
(3463, 'Bapak Jalil', 149),
(3464, 'Bapak H. Nur Salim', 149),
(3465, 'Yai Puk', 149),
(3466, 'Nyai Puk', 149),
(3467, 'Bapak Giono', 149),
(3468, 'Mbok Kasemi', 149),
(3469, 'Bu Hj. Sateni', 149),
(3470, 'Bapak Fauzan Mardi', 149),
(3471, 'Nyai Sufi', 150),
(3472, 'Adik Nuzulia', 151),
(3473, 'Adik Hindun', 151),
(3474, 'Siti Yulaikha', 150),
(3475, 'Adik Munawaroh', 151),
(3476, 'Mbok Tin', 150),
(3477, 'Adik Samsul Huda', 151),
(3478, 'Adik Hasan Bisri', 151),
(3479, 'Kinayah', 150),
(3480, 'Ja.far', 150),
(3481, 'Adik Nisaul Khoiriyah', 151),
(3482, 'M. Arip', 150),
(3483, 'Mas Muhajir', 151),
(3484, 'Bapak Munsarip', 152),
(3485, 'Kasemo', 150),
(3486, 'Yai Warni', 150),
(3487, 'Nyai Warni', 150),
(3488, 'Bpk Kaserun', 150),
(3489, 'Ibu Fitriana (Klampok)', 150),
(3490, 'Mbah Darmo Saeran', 150),
(3491, 'Farin', 150),
(3492, 'Mbok Tun', 150),
(3493, 'Bpk Laudi', 150),
(3494, 'Yai Amin', 150),
(3495, 'Mbok Saini', 150),
(3496, 'Yai Seman', 150),
(3497, 'Ibu Masriah', 150),
(3498, 'Mbok Ramsiyah', 152),
(3499, 'Yai Wiro', 152),
(3500, 'Mbok Asti', 152),
(3501, 'Bapak Jalil', 152),
(3502, 'Mbah Gemi', 152),
(3503, 'Mbah Panggeh', 152),
(3504, 'Bu Karolik', 152),
(3505, 'Bu Hj. Watini', 152),
(3506, 'Bapak Taib', 152),
(3507, 'Kasturi', 152),
(3508, 'Mbak Termini', 152),
(3509, 'M. Slamet', 152),
(3510, 'Mbah Kasiana', 152),
(3511, 'Buyut Tasmina', 152),
(3512, 'Lek Tamini', 152),
(3513, 'Bapak H. Nur Salim', 152),
(3514, 'Bu Hj. Sateni', 152),
(3515, 'Bapak Fauzan Mardi', 152),
(3516, 'BPK Fauzan mardi', 112),
(3517, 'bpk sukari', 153),
(3518, 'bu makromah', 153),
(3519, 'wagiman', 153),
(3520, 'supardi', 153),
(3521, 'nur hayati', 153),
(3522, 'maryam', 153),
(3523, 'mbok sapunah', 153),
(3524, 'mbok darinah', 153),
(3525, 'bu siana', 153),
(3526, 'bpk marda.i', 153),
(3527, 'setiabudi', 153),
(3528, 'bpk artiman', 153),
(3529, 'mbok nursimah', 153),
(3530, 'bpk senedin', 153),
(3531, 'bpk daem', 153),
(3532, 'bu alfiyah', 153),
(3533, 'bpk saki', 153),
(3534, 'bpk sarimen', 153),
(3535, 'bpk ngatemin', 153),
(3536, 'suroso', 153),
(3537, 'mbok suratin', 153),
(3538, 'bu riamah', 153),
(3539, 'bpk rohmad', 153),
(3540, 'bu carmirah', 153),
(3541, 'bu jairah', 153),
(3542, 'yai dollah', 153),
(3543, 'mbak mardiyah', 153),
(3544, 'mak jhon', 153),
(3545, 'mak sumiyatin', 153),
(3546, 'putu sundari', 153),
(3547, 'bpk khamid', 153),
(3548, 'pak wajib', 153),
(3549, 'wak riyamah', 153),
(3550, 'ginten', 153),
(3551, 'mbok sukati', 153),
(3552, 'bu artimah', 153),
(3553, 'cak taseri', 153),
(3554, 'cak johan', 153),
(3555, 'mbok ratun', 153),
(3556, 'bpk marsidin', 153),
(3557, 'ibu nadirotul hasanah', 153),
(3558, 'ibu alima', 153),
(3559, 'ibu watini', 153),
(3560, 'nyai muarti', 154),
(3561, 'yai salidin', 154),
(3562, 'bpk samiun', 154),
(3563, 'supri', 154),
(3564, 'yai warni', 154),
(3565, 'nyai warni', 154),
(3566, 'bpk temen', 154),
(3567, 'nyai puk', 154),
(3568, 'yai arso', 154),
(3569, 'nyai karina', 154),
(3570, 'sudarmono', 154),
(3571, 'bpk jauri', 154),
(3572, 'yai rofi.i', 154),
(3573, 'mbok patemah', 154),
(3574, 'mbok saini', 154),
(3575, 'mbok tun', 154),
(3576, 'pak sai', 154),
(3577, 'prameli', 154),
(3578, 'mas.ud', 154),
(3579, 'ibu riani', 154),
(3580, 'holili', 154),
(3581, 'mbok saini', 154),
(3582, 'bpk akub', 154),
(3583, 'mbok juwariyah', 154),
(3584, 'Bpk H Nur Salim Sekalian', 155),
(3585, 'Mbah Yusak', 155),
(3586, 'bpk ari', 156),
(3587, 'ibu arsiyah', 156),
(3588, 'Mbah Wahid', 155),
(3589, 'mbah sahri', 156),
(3590, 'mbah maridin', 156),
(3591, 'Mbah Mastur ', 155),
(3592, 'mbah arsudin', 156),
(3593, 'mbah ismail', 156),
(3594, 'mbah busidin', 156),
(3595, 'Mbah Mawardi ', 155),
(3596, 'mbah pakah', 156),
(3597, 'mbah sani', 156),
(3598, 'yai syifak', 38),
(3599, 'bpk rukyan', 156),
(3600, 'Mbah Bil Kisnatun', 155),
(3601, 'bpk nono', 156),
(3602, 'bpk madi', 156),
(3603, 'Mbah Ishak', 155),
(3604, 'mbah slami', 156),
(3605, 'Mbah Kasan Munawi', 155),
(3606, 'mbah tilem', 156),
(3607, 'bu nyai syifak', 38),
(3608, 'mbah juma.in', 156),
(3609, 'mbah selama', 156),
(3610, 'Mbah Umi Kulsum ', 155),
(3611, 'mbah atna', 156),
(3612, 'ahmad sari', 156),
(3613, 'Mbok Tunasip', 155),
(3614, 'siti semuna', 156),
(3615, 'mbah jeber', 156),
(3616, 'mbah didin', 156),
(3617, 'mbah nurjati', 156),
(3618, 'Mbok Ramsiyah ', 155),
(3619, 'mbah naisa', 156),
(3620, 'Mbok Sumirah ', 155),
(3621, 'mbah niman', 156),
(3622, 'Bpk syuur', 157),
(3623, 'bpk rosadi', 156),
(3624, 'Muhajir ', 155),
(3625, 'Adik slamet', 157),
(3626, 'ibu sulaikha', 156),
(3627, 'siana', 156),
(3628, 'syafi.in', 156),
(3629, 'Nisaul Choiriyah', 155),
(3630, 'Adik kasiana', 157),
(3631, 'Yai Daim', 155),
(3632, 'Mbah Di', 157),
(3633, 'bpk paiman', 159),
(3634, 'Sariyati', 155),
(3635, 'Mbah kartono', 158),
(3636, 'Mbah darmin', 158),
(3637, 'bpk basyarudin nasution', 159),
(3638, 'Yai Munsarip', 155),
(3639, 'Yai Atim', 155),
(3640, 'bu yuliah', 159),
(3641, 'mbok tukinem', 158),
(3642, 'Mbah Masngut', 157),
(3643, 'Imam Nawawi ', 155),
(3644, 'ibu watini', 29),
(3645, 'Paman Kasmuri', 157),
(3646, 'mbok misijah', 158),
(3647, 'Bu Munasri', 155),
(3648, 'bu faridah H.nasution', 159),
(3649, 'mbok darmi', 158),
(3650, 'Paman marsyam', 157),
(3651, 'bpk sukari', 161),
(3652, 'bu makromah', 161),
(3653, 'Ahmad Marzuki', 155),
(3654, 'bapak mistar', 158),
(3655, 'Bpk katiman', 157),
(3656, 'm. putut wicaksono', 159),
(3657, 'wagiman', 161),
(3658, 'bapak yunan', 158),
(3659, 'supardi', 161),
(3660, 'Bu poniti', 157),
(3661, 'Istoria', 155),
(3662, 'nur hayati', 161),
(3663, 'bapak Sabari', 158),
(3664, 'maryam', 161),
(3665, 'mbok sapuna', 161),
(3666, 'ibu rasmi', 158),
(3667, 'Mbah Jaelani', 155),
(3668, 'Adik abdul majid', 157),
(3669, 'mbok darina', 161),
(3670, 'arief ghifari al rasyad', 159),
(3671, 'bu siana', 161),
(3672, 'Bu laginten', 157),
(3673, 'bpk marda.i', 161),
(3674, 'Bpk Sutrisno ', 155),
(3675, 'ibu sulitah', 158),
(3676, 'setia budi', 161),
(3677, 'ibu sudirman', 158),
(3678, 'bpk artiman', 161),
(3679, 'Mbah ton', 157),
(3680, 'bpk. syahruddin nasution', 159),
(3681, 'mbok nursimah', 161),
(3682, 'Bpk Sholeh ', 155),
(3683, 'Mbok ri', 157),
(3684, 'bapak Marto bejan', 158),
(3685, 'bpk senedin', 161),
(3686, 'ibu sumiati', 159),
(3687, 'bapak hardi', 158),
(3688, 'Mbah Achmadi ', 155),
(3689, 'bpk daim', 161),
(3690, 'bu alfiyah', 161),
(3691, 'mbok warti', 158),
(3692, 'bpk saki', 161),
(3693, 'Bpk Nasirun', 157),
(3694, 'sudirman', 158),
(3695, 'bpk sarimin', 161),
(3696, 'Wildanul Mukholadun', 155),
(3697, 'bpk ngatemin', 161),
(3698, 'sulitah', 158),
(3699, 'siyanto', 161),
(3700, 'darmi', 158),
(3701, 'Buyut Barimen Sekalian', 155),
(3702, 'suroso', 161),
(3703, 'Mbah fauzan', 157),
(3704, 'bapak sabari', 158),
(3705, 'mbok suratin', 161),
(3706, 'bu riamah', 161),
(3707, 'Buyut Kasmo Sekalian ', 155),
(3708, 'mb. sriatun', 158),
(3709, 'Ibu zaitun', 157),
(3710, 'bpk rahmad', 161),
(3711, 'Ibu kastupa', 157),
(3712, 'bu karmirah', 161),
(3713, 'Bpk Zainuri', 155),
(3714, 'bapak supandri', 158),
(3715, 'bu jairah', 161),
(3716, 'yai dollah', 161),
(3717, 'Bpk ahmad kasturi', 157),
(3718, 'mbak mardiyah', 161),
(3719, 'Mbah Yai Mubtadi', 155),
(3720, 'mak jon', 161),
(3721, 'mak sumiyatin', 161),
(3722, 'Ibu Saikhanah', 155),
(3723, 'ibu legiman', 157),
(3724, 'putu sundari', 161),
(3725, 'bpk khamid', 161),
(3726, 'Bpk Bakri', 155),
(3727, 'pak wajib', 161),
(3728, 'Mbok sumi', 157),
(3729, 'wak riyamah', 161),
(3730, 'Mbah marto', 157),
(3731, 'Ibu Lutfiah ', 155),
(3732, 'ginten', 161),
(3733, 'bpk majuki', 162),
(3734, 'Bpk jamali', 157),
(3735, 'mbok sukati', 161),
(3736, 'Ibu Sholikhatin', 155),
(3737, 'mbok artimah', 161),
(3738, 'ibu badiyah', 162),
(3739, 'bapak Ismail lewenussa', 163),
(3740, 'ibu cumil', 162),
(3741, 'Mbah yatemi', 157),
(3742, 'H. Ahmad Yasir', 155),
(3743, 'cak taseri', 161),
(3744, 'cak johan', 161),
(3745, 'Ibu wakisa', 157),
(3746, 'bpk sanrawi', 162),
(3747, 'mbok ratun', 161),
(3748, 'Bpk Fauzan Mardi', 155),
(3749, 'bapak marwan', 163),
(3750, 'bpk marsidin', 161),
(3751, 'bpk intaha', 157),
(3752, 'mbah wagiran', 162),
(3753, 'ibu nadirotul hasanah', 161),
(3754, 'ibu supiatun', 163),
(3755, 'ibu maniah', 157),
(3756, 'ibu alima', 161),
(3757, 'cak ali', 157),
(3758, 'ibu watini', 161),
(3759, 'ibu kustinah', 163),
(3760, 'mbah dul rohmat', 162),
(3761, 'bpk wagisan', 157),
(3762, 'nenek saibah', 163),
(3763, 'mbok tuni', 157),
(3764, 'tete jafar', 163),
(3765, 'anak masiyah', 162),
(3766, 'ibu sama', 157),
(3767, 'tete haji husen', 163),
(3768, 'mbok yam', 157),
(3769, 'bpk sukari', 164),
(3770, 'mbak tumini', 162),
(3771, 'Siti jawani', 163),
(3772, 'ibu alimah', 164),
(3773, 'mbah taukit', 157),
(3774, 'ibu sunami', 164),
(3775, 'suparman', 163),
(3776, 'bu kasmi', 157),
(3777, 'ibu watini', 164),
(3778, 'mbak katiyah', 162),
(3779, 'bapak karjani', 163),
(3780, 'bpk nawawi', 164),
(3781, 'Bpk Wagimin', 165),
(3782, 'bu sariyah', 157),
(3783, 'maryam', 164),
(3784, 'bapak sumadi', 163),
(3785, 'mbok darina', 164),
(3786, 'bpk hartoyo latif', 162),
(3787, 'Bpk Yono', 165),
(3788, 'mbok sapunah', 164),
(3789, 'bapak sudarman', 163),
(3790, 'Nyai Tasemun', 166),
(3791, 'pak mustama', 162),
(3792, 'Bpk Taman', 165),
(3793, 'nur hayati', 164),
(3794, 'supardi', 164),
(3795, 'bapak Karnadi', 163),
(3796, 'wagiman', 164),
(3797, 'mbok sukarmi', 162),
(3798, 'Bpk Kaselan', 165),
(3799, 'mbok nursimah', 164),
(3800, 'ibu suliyah', 162),
(3801, 'bapak Remon montere', 163),
(3802, 'ibu ginten', 164),
(3803, 'Bpk Kasemin', 165),
(3804, 'ibu lilis suryati', 164),
(3805, 'Nyai Tiama', 166),
(3806, 'Bpk Mesden', 165),
(3807, 'pak nastrap', 162),
(3808, 'bpk wagimin', 167),
(3809, 'Ibu Kamsah', 165),
(3810, 'bpk satemen', 168),
(3811, 'ibu nasri', 162),
(3812, 'bu saini', 168),
(3813, 'bpk ba.i', 167),
(3814, 'Nyai Amah', 166),
(3815, 'Ibu Sukaryah', 165),
(3816, 'bpk yasin', 167),
(3817, 'bu satiah', 168),
(3818, 'bpk andrim', 167),
(3819, 'Mbok Rupik', 166),
(3820, 'Ibu Mbah Darmina', 165),
(3821, 'mbah syamsuri', 168),
(3822, 'mbok musinah', 162),
(3823, 'mbok satun', 167),
(3824, 'mbah malihah', 168),
(3825, 'mbok tasemi', 167),
(3826, 'mbah karnadi', 168),
(3827, 'wagisih', 167),
(3828, 'adik fulaina', 168),
(3829, 'ngatin', 167),
(3830, 'adik slamet', 168),
(3831, 'bpk matali', 167),
(3833, 'KH M Ali', 168),
(3834, 'ibu sumini', 167),
(3835, 'Ibu Mbah tarsih', 165),
(3836, 'mbah sriah', 168),
(3837, 'Ibu Mbah Yatin', 165),
(3838, 'sri umiati', 167),
(3839, 'bpk laseri', 169),
(3840, 'Hj Siti Fatimah ', 168),
(3841, 'slamet hariono', 167),
(3842, 'adik bagus panji erlambang', 162),
(3843, 'rahmad dermawan', 168),
(3844, 'BPK.sa.im', 166),
(3845, 'bapak tasrip', 170),
(3846, 'nyai tamen', 169),
(3847, 'mbah sarikun', 168),
(3848, 'Bu Watena', 166),
(3849, 'nyai kasmanan', 169),
(3850, 'ibu Rami', 170),
(3851, 'ibu fatipik', 168),
(3852, 'bpk satemon', 169),
(3853, 'yai tamunah', 170),
(3854, 'bpk jaelani', 169),
(3855, 'bpk nasikat', 171),
(3856, 'mbok yam', 170),
(3857, 'Bpk saliman', 166),
(3858, 'bpk saer', 169),
(3859, 'bpk wagimen', 171),
(3860, 'yai saim', 170),
(3861, 'maratus sholihah', 172),
(3862, 'bpk sablah', 169),
(3863, 'bpk semu', 171),
(3864, 'mbok kamini', 172),
(3865, 'Bpk sumito', 166),
(3866, 'mbah matrawi', 172),
(3867, 'mbok ngatmina', 170),
(3868, 'bpk kaswan', 171),
(3869, 'mbah saruki', 172),
(3870, 'porwanto', 169),
(3871, 'Bpk Riamen', 166),
(3872, 'bu warsini', 171),
(3873, 'bpk karnadi', 172),
(3874, 'mbok gina', 172),
(3875, 'siti rumakyah', 171),
(3876, 'bapak H rois', 170),
(3877, 'moh jaenudin', 169),
(3878, 'Bpk Tarsip', 173),
(3879, 'mbah sidiq', 172),
(3880, 'sri wahyuni', 171),
(3881, 'mbah natin', 172),
(3882, 'yai katam', 170),
(3883, 'Bpk Kusen', 174),
(3884, 'Bpk Mesdan', 173),
(3885, 'mbok tasemi', 169),
(3886, 'mbok satiah', 172),
(3887, 'mbah tamiran', 171),
(3888, 'yai H rukyani', 170),
(3889, 'Bpk Sarkawi', 174),
(3890, 'mbah syamsuri', 172),
(3891, 'bpk nadi', 171),
(3892, 'mbok patanah', 169),
(3893, 'Bpk Buqimin', 173),
(3894, 'Bpk Sanapun', 166),
(3895, 'ibu satiah', 172),
(3896, 'bapak saian', 170),
(3897, 'mbok sumi', 169),
(3898, 'Bpk Kamit', 174),
(3899, 'Bpk Sapuna', 173),
(3900, 'ukil anjani putri', 171),
(3901, 'Bpk Tawanu', 166),
(3902, 'mbok tu a', 169),
(3903, 'ibu darmi', 171),
(3904, 'bpk satemin', 172),
(3905, 'yai tema', 170),
(3906, 'Ibu Mariyam', 175),
(3907, 'tuladan', 171),
(3908, 'ibu malikah', 172),
(3909, 'mbok wari ah', 169),
(3910, 'mak dollah', 172),
(3911, 'Bpk Matraja', 174),
(3912, 'sali', 171),
(3913, 'mbok kamiatun', 170),
(3914, 'Bpk Sa.im', 173),
(3915, 'warimah', 169),
(3916, 'Bpk. Tajam', 175),
(3917, 'murejo', 171),
(3918, 'Bpk Daim', 174),
(3919, 'Ibu Siswanti', 166),
(3920, 'puji astuti', 172),
(3921, 'mbok ngateni', 170),
(3922, 'jemirah', 171),
(3923, 'sawiyah', 169),
(3924, 'Ibu Rami', 173),
(3925, 'ibu masriah', 172),
(3926, 'bpk pendek', 171),
(3927, 'Bpk Yahlin ', 174),
(3928, 'bpk karnadi', 172),
(3929, 'Ibuh Amah', 166),
(3930, 'bpk tunggak', 171),
(3931, 'Mbah Dasimah', 175),
(3932, 'Mbah Waridan', 173),
(3933, 'bapak H mukti', 170),
(3934, 'mbok wagina', 172),
(3935, 'Bpk Yahman', 174),
(3936, 'Mbah Sekak', 173),
(3937, 'mbok satun', 171),
(3938, 'Bpk Asim', 174),
(3939, 'Yai Sukur', 166),
(3940, 'mbok nasrik', 171),
(3941, 'Mbah Yam ', 173),
(3942, 'bapak toha', 170),
(3943, 'Mbah Sidik', 174),
(3944, 'bpk iwan', 171),
(3945, 'Bpk Rahmad', 176),
(3946, 'Muatin ', 173),
(3947, 'Bpk Samadi', 176),
(3948, 'Ibu Fatimah', 174),
(3949, 'bpk ngadiono', 171),
(3950, 'Mbok Sukur', 166),
(3951, 'Siti khotijah', 170),
(3952, 'Mesenan', 173),
(3953, 'Ibu Khanifah', 176),
(3954, 'mbom sombok', 171),
(3955, 'Yas Ikhsan', 176),
(3956, 'tuliah', 170),
(3957, 'Ibu Partima', 174),
(3958, 'Bpk Yasin', 166),
(3959, 'mukri', 170),
(3960, 'Mbah Jariah', 175),
(3961, 'lek atem', 171),
(3962, 'mesenan', 170),
(3963, 'Ibu Lasmira', 174),
(3964, 'bpk warsito', 171),
(3965, 'Maratus Sholihah', 176),
(3966, 'Yai Minu', 174),
(3967, 'Mbok Munah', 166),
(3968, 'Bpk Saruki', 176),
(3969, 'muatin', 170),
(3970, 'Bpk Dollah', 176),
(3971, 'Bpk. Iin Mustofa', 175),
(3972, 'Yai Suri', 174),
(3973, 'Bpk Darsam', 177),
(3974, 'mbok siamah', 170),
(3975, 'Mbok Kamini', 176),
(3976, 'Mbah Natin', 176),
(3977, 'Mbok Warsia', 174),
(3978, 'PK Gufron', 166),
(3979, 'Mbah sareh', 170),
(3980, 'Bpk Suwarno Sitar', 177),
(3981, 'Yai Matrawi', 176),
(3982, 'Bpk Saimun', 173),
(3983, 'Moh rokim', 170),
(3984, 'Mbah Bahri', 175),
(3985, 'Mbak Maslikhah', 176),
(3986, 'Bpk Ba i', 177),
(3987, 'Mbah Temin', 176),
(3988, 'Siti Rosifa', 174),
(3989, 'Mukri', 173),
(3990, 'bapak santanu', 170),
(3991, 'Mbah Temen', 177),
(3992, 'Pk Roselan', 166),
(3993, 'Moh Soleh', 174),
(3994, 'napisah', 170),
(3995, 'Mbah Kasiani', 176),
(3996, 'Tuli.ah', 173),
(3997, 'Mbah Sitar', 177),
(3998, 'Yai Saniman', 176),
(3999, 'Siti Munawaroh', 170),
(4000, 'Mbok Sarpini', 178),
(4001, 'Khotijah', 173),
(4002, 'Ibu Ramiyatun', 174),
(4003, 'Mbok Siti Khalimah', 176),
(4004, 'Mbok Poni', 178),
(4005, 'Adek Naura', 166),
(4006, 'Mbah Imam Rejo', 177),
(4007, 'Hj. Ruka.a', 175),
(4008, 'H Muh as.ari', 170),
(4009, 'Varin', 176),
(4010, 'Ibu Ginten', 173),
(4011, 'Mbok Dah', 178),
(4012, 'Ibu Sumiati', 177),
(4013, 'Bpk Nodo', 174),
(4014, 'Yai Saliman', 176),
(4015, 'Bpk Suliah', 178),
(4016, 'ibu rokaya', 170),
(4017, 'Mbok Rum', 177),
(4018, 'Yai Diro', 176),
(4019, 'Bu Liani', 166),
(4020, 'Ibu Mistini', 173),
(4021, 'ibu tiana', 174),
(4022, 'Mbok Latipah', 176),
(4023, 'Bpk Wagimen', 178),
(4024, 'Bpk. Juromi', 175),
(4025, 'ibu suyanti', 170),
(4026, 'Ibu Masriah', 176),
(4027, 'Bpk Mat', 178),
(4029, 'Ibu Romlah', 176),
(4030, 'bpk satam', 174),
(4031, 'Ibu Marpuah', 178),
(4032, 'Mbah Tomorejo', 173),
(4033, 'Mbah Amirun', 176),
(4034, 'Hj Siti Fatimah', 170),
(4035, 'Mbok Tukiran', 177),
(4036, 'Retina ', 178),
(4037, 'mbah tajam', 174),
(4038, 'Samar', 178),
(4039, 'Ibu Naten', 177),
(4040, 'bpk asnawi', 174),
(4041, 'Ibu Masimi', 177),
(4042, 'Machinun Ajid', 178),
(4043, 'Mbah Sudarminah', 173),
(4044, 'Ibu Satupah', 177),
(4045, 'bpk kh asyrofi', 174),
(4046, 'Ibu Suarti', 177),
(4047, 'Bpk Ngadi', 173),
(4048, 'ibu musri ahh', 174),
(4049, 'Mbah Sokeh', 173),
(4050, 'Ibu Dasimah', 175),
(4051, 'Fathehur', 178),
(4052, 'Bpk Abd. Jalil', 179);
INSERT INTO `almarhums` (`id`, `nama`, `id_keluarga`) VALUES
(4053, 'bpk hasan', 174),
(4054, 'Ibu Suhermin', 180),
(4055, 'Nur Fitriah', 173),
(4056, 'Bpk H. Nur Salim', 179),
(4057, 'Rohana Rohani', 178),
(4058, 'Mbah Munsarip', 179),
(4059, 'Ibu Supiah', 180),
(4060, 'bpk kasiono', 174),
(4061, 'Yai Manan', 178),
(4062, 'Mbah Ramsiyah', 179),
(4063, 'Ibu Niamah', 180),
(4064, 'Maulidin-Maulidah', 173),
(4065, 'Mbah Taib', 179),
(4066, 'Mbah Riami', 178),
(4067, 'Bpk Paimun', 181),
(4068, 'Mbah Kasina', 179),
(4069, 'Mbok Satun', 178),
(4070, 'mbah as ari sekalian', 174),
(4071, 'Ibu Lafifah', 180),
(4072, 'Mbah Dollah', 179),
(4073, 'Mbok Tuminah', 173),
(4074, 'Bpk. Jadwal Abidin', 175),
(4075, 'Bpk Tayip', 181),
(4076, 'Bpk Monari', 178),
(4077, 'hj komariah', 174),
(4078, 'Mbah Hj. Wartini', 179),
(4079, 'Bayu Arka Samudra', 173),
(4080, 'Ibu Khumaiyah', 180),
(4081, 'Mbah Panggeh', 179),
(4082, 'Bpk Asim', 181),
(4083, 'Yai Mo.ari', 178),
(4084, 'Bpk. Jadwal Mutakin', 175),
(4085, 'Mbah Gemi', 179),
(4086, 'bpk muhammad sholeh', 174),
(4087, 'Ibu Suryati', 180),
(4088, 'Bpk Saleh', 179),
(4089, 'Ibu Rukayah', 173),
(4090, 'Salam', 179),
(4091, 'Muhammad Refi', 178),
(4092, 'Salim', 179),
(4093, 'Bpk Arkam', 181),
(4094, 'Bpk Nasikat', 178),
(4095, 'Ibu Suyanti', 173),
(4096, 'Misbahul Munir', 179),
(4097, 'Ibu Djubaidah', 180),
(4098, 'ibu haja qomariyah', 174),
(4099, 'Bpk Noto', 178),
(4100, 'Karolik', 179),
(4101, 'Ibu Astutiana', 180),
(4102, 'Bpk Mustajab', 179),
(4103, 'Bpk Udin', 178),
(4104, 'bpk sumarlan', 174),
(4105, 'Ibu Nafsiah', 181),
(4106, 'Afiqoh Nurul Jannah', 179),
(4107, 'Bpk Suparman', 178),
(4108, 'Yai Puk ', 179),
(4109, 'Ibu Ndalisa', 180),
(4110, 'hj sapi i', 174),
(4111, 'Nyai Puk', 179),
(4112, 'Mbah Sunariyah', 178),
(4113, 'Ibu Sumiati', 180),
(4114, 'Bpk Kabul', 178),
(4115, 'Buyut Lasiman', 179),
(4116, 'Mbok Lasri', 181),
(4117, 'ibu waekah', 174),
(4118, 'Ibu Siami', 178),
(4119, 'Nyai Lasiman', 179),
(4120, 'Ibu Kamsiah', 180),
(4121, 'Ibu Lutfiyah', 179),
(4122, 'bpk sanam', 174),
(4124, 'Mbok Aminah', 181),
(4125, 'Ibu Siama', 180),
(4126, 'Ibu Hj. Sateni', 179),
(4127, 'Ibu Jumukyah', 180),
(4128, 'ibu zulaikha', 174),
(4129, 'Yai Yas Qirun', 181),
(4130, 'Bpk M. Shaleh', 180),
(4131, 'Yai Amin', 181),
(4132, 'ibu rukoyah', 174),
(4133, 'Bpk. Janjang', 175),
(4134, 'Bpk Fauzan Mardi', 179),
(4135, 'Yai Mustakim', 182),
(4136, 'Ibu Painah', 180),
(4137, 'Sarmawi', 181),
(4138, 'Bpk H. Rais', 179),
(4139, 'Yai Jasimin', 182),
(4140, 'Bpk Sumo', 180),
(4141, 'Ibu Paini', 182),
(4142, 'Mbah H. Tugi', 179),
(4143, 'Sariani', 181),
(4145, 'Bpk. Ade Apip', 175),
(4146, 'Mbok Mu.inah', 182),
(4147, 'Sunariyah', 182),
(4148, 'Bpk Syamsul Arif', 180),
(4149, 'Joko Pitono', 182),
(4150, 'Ramun', 182),
(4151, 'Bpk M. Arbain', 180),
(4152, 'Buyut Karsan', 182),
(4153, 'Buyut Rameli', 182),
(4154, 'Bpk Ismaun', 180),
(4155, 'Bpk Muhammad', 182),
(4156, 'Bpk Matnur', 180),
(4157, 'Yai Gariyo', 181),
(4158, 'Bpk Saidun', 182),
(4159, 'Yai Sarmo', 182),
(4160, 'Bpk A. Baidowi', 180),
(4161, 'Bpk Drais', 182),
(4162, 'Yai Lasmini', 181),
(4163, 'Bpk M. Yahya', 180),
(4164, 'Ibu Salimah', 182),
(4165, 'Riani', 181),
(4166, 'Bpk Abdul Fatah', 180),
(4167, 'Much Suhartono', 182),
(4168, 'Masrifin', 181),
(4169, 'Bpk Sutarwan', 180),
(4170, 'Bpk Turiman', 182),
(4171, 'Bpk Mashur', 180),
(4172, 'Mbok Asim', 181),
(4173, 'Buyut Jainten', 182),
(4174, 'Bpk Salam', 182),
(4175, 'Bpk Nurjen', 180),
(4176, 'Bpk Juma.in', 182),
(4177, 'Buyut Tukha', 182),
(4178, 'Bpk Tukiman', 181),
(4179, 'Ananda Chudin Cahyo', 180),
(4180, 'Ibu Kaminten', 182),
(4181, 'Yanwar', 181),
(4182, 'Ananda Robet. S', 180),
(4183, 'Moch Risky', 182),
(4184, 'Ginanjar', 181),
(4185, 'Bpk Yuyun Wali', 180),
(4186, 'Mbok Darsih', 182),
(4187, 'Mbok Wagiti', 181),
(4188, 'Bpk Yuyun Yudi', 180),
(4189, 'Adik Riani', 181),
(4190, 'Bpk Marsum', 182),
(4191, 'Bpk Sastro Sudirjo', 180),
(4192, 'Bpk Buari', 182),
(4193, 'Ananda M. Rusdi', 181),
(4194, 'Mbok Kamini', 182),
(4195, 'Bpk Marguyuwono', 180),
(4196, 'Bpk Sapi.i', 182),
(4197, 'Ibu Warningsih', 180),
(4198, 'Bpk Ismail', 181),
(4199, 'Ibu Sukowati', 182),
(4200, 'Sujanto Arif', 180),
(4201, 'H. Lukman Hakim', 180),
(4204, 'Mbah Tajam', 183),
(4205, 'Mbah Mariyam', 183),
(4206, 'Mbah Kaimon', 183),
(4207, 'Mbah Arbainah', 183),
(4208, 'Mbah Jairah', 183),
(4209, 'Mbah Salamon', 183),
(4210, 'Andik Widodo', 183),
(4211, 'Mujiati', 183),
(4212, 'Muriati', 183),
(4213, 'Siti Aminah', 183),
(4214, 'F Subowo', 183),
(4215, 'Anang', 183),
(4216, 'Siti Fatimah', 183),
(4217, 'Slamet Hariyono', 183),
(4218, 'Nurikah', 183),
(4219, 'Bpk Jalil', 183),
(4220, 'Ibu Yanti', 183),
(4221, 'Subanari', 183),
(4222, 'Ibu Mujiatin', 183),
(4223, 'Bpk Dolla', 183),
(4224, 'Mbok wasita', 19),
(4225, 'ibu suriami', 135),
(4226, 'Ibu Sholika', 124),
(4227, 'Bpk Suryanto', 75),
(4228, 'bpk nanang', 66),
(4229, 'H. Ruko.yah', 84),
(4230, 'Ibu Marfuatin', 184),
(4231, 'Moh Saifudin', 184),
(4232, 'Bapak Effendy', 184),
(4233, 'Bapak H Abdulloh', 184),
(4234, 'Adik Asmaulhusna', 184),
(4235, 'Adik Kasih', 184),
(4236, 'Bapak Muniruroji', 184),
(4237, 'Mbah Slamet B', 184),
(4238, 'Mas Hayadi', 184),
(4239, 'Nur Maulana Firdaus', 184),
(4240, 'Intan Nirmala Sari', 184),
(4241, 'Mbah Tahir', 184),
(4242, 'Mbah Miah', 184),
(4243, 'Mbah Warinten ', 184),
(4244, 'Mbah Saet', 184),
(4245, 'Mbah Mangon Yono', 184),
(4246, 'Mbah Hj Siti Rohma', 184),
(4247, 'Mbah Subadi', 184),
(4248, 'Mbah Paini', 184),
(4249, 'Mbah Jaet', 184),
(4250, 'Mbah Sai', 184),
(4251, 'Mbah Buari', 184),
(4252, 'Mbah Rabon', 184),
(4253, 'Mbah Supiah', 184),
(4254, 'Lek Tin', 184),
(4255, 'Bapak Subandi', 184),
(4256, 'Ibu Sumiati', 184),
(4257, 'Mbah Yahmi', 184),
(4258, 'Adik Mada Pratama', 184),
(4259, 'Adik Moh Zulfan Ramadan', 184),
(4260, 'Bapak Purwadi', 184),
(4261, 'Ibu Susiati', 184),
(4262, 'Yai Tasemun', 185),
(4263, 'Yai Amah', 185),
(4264, 'Yai Saim', 185),
(4265, 'Bapak Mistam', 185),
(4266, 'Bapak Samenun', 185),
(4267, 'Bapak Mayasit', 185),
(4268, 'Bapak Misjan', 185),
(4269, 'Nyai Tiamah', 185),
(4270, 'Nyai Rupik', 185),
(4271, 'Nyai Supiyah', 185),
(4272, 'Mbok Reni', 185),
(4273, 'Mbok Satipah', 185),
(4274, 'Mbok Saiyah', 185),
(4275, 'Mbok Jumani', 185),
(4276, 'Moh Sutrisno', 185),
(4277, 'Khozali', 185),
(4278, 'Miftakhul Huda', 185),
(4279, 'Bapak Kaserun', 185),
(4280, 'Ibu Sariyah', 185),
(4281, 'Mbok Ngatminah', 185),
(4282, 'Bapak Sanaji', 185),
(4283, 'Mbok Marsiti', 185),
(4284, 'Mbok Salomah', 185),
(4285, 'Muhammad Sain', 185),
(4286, 'Muhammad Umar', 185),
(4287, 'Nuzuliah', 185),
(4288, 'Mbah Salamah', 185),
(4289, 'Bapak Ali', 185),
(4290, 'Ibu Watenah', 185),
(4291, 'Bapak Miskam', 185),
(4292, 'Bapak Ikhsan', 185),
(4293, 'Mbok Sarmi', 185),
(4294, 'Adik Muhammad Wahyu', 185),
(4295, 'Siswanti', 185),
(4296, 'Ibu Samiati', 185),
(4297, 'Bapak Gufron', 185),
(4298, 'Bapak Ruslan', 185),
(4299, 'Bapak Misroh', 185),
(4300, 'Bapak Tasrip', 186),
(4301, 'Bapak Gimun', 186),
(4302, 'Ibu Fatimah', 186),
(4303, 'Mbok Ngatminah', 186),
(4304, 'Mbok Ngatri', 187),
(4305, 'Mbok Saripah', 186),
(4306, 'Yai Demun', 186),
(4307, 'Mbok Mutmainah', 186),
(4308, 'Mbok Marlina', 187),
(4309, 'Mbok Suprayati', 186),
(4310, 'Mbok Rokhana', 186),
(4311, 'Mbok Ngatminah', 187),
(4312, 'Yai Katam', 186),
(4313, 'Ibu Warsini', 187),
(4314, 'Moh Soleh', 186),
(4315, 'Ibu Mustofa', 187),
(4316, 'Moh Murjoko', 186),
(4317, 'Ibu Neti', 187),
(4318, 'Moh Jais', 186),
(4319, 'Siti Rohma', 186),
(4320, 'Ibu Mulikah', 186),
(4321, 'Ibu Turipah', 186),
(4322, 'Ibu Ba.atin', 187),
(4323, 'Ibu Nurjanah', 186),
(4324, 'Ibu Lamini', 186),
(4325, 'Bpk Ramelan', 187),
(4326, 'Bapak Dulani', 186),
(4327, 'Bpk Kaswan', 187),
(4328, 'Bapak Kusdarwinto', 186),
(4329, 'Bpk Semu', 187),
(4330, 'Ibu Rosidah Iriani', 186),
(4331, 'Adik Teguh Aji Santoso', 187),
(4332, 'Ibu Dewi Masito', 186),
(4333, 'Ibu Liah', 186),
(4334, 'Bpk Sukamto', 187),
(4335, 'Bapak Yasik', 186),
(4336, 'Bapak Asnan', 186),
(4337, 'Anak Kalea Sibil Azzahra', 187),
(4338, 'Ibu Busina', 187),
(4339, 'Bpk Kalil', 187),
(4340, 'Bpk Ngadiono', 187),
(4341, 'Bpk Ikhwan', 187),
(4342, 'ibu sholikha', 138),
(4343, 'buyut kusen', 126),
(4344, 'bpk redjo mulyono', 86),
(4345, 'Bapak Rochmad', 188),
(4346, 'Bapak M. Ashari', 188),
(4347, 'Bapak H. Ihsan', 188),
(4348, 'Bapak Sayid', 188),
(4349, 'Mbok Atem', 188),
(4350, 'Mbok Sarimah', 188),
(4351, 'Mbok Supratun', 188),
(4352, 'Ibu Faridah', 188),
(4353, 'Yai Masrip', 188),
(4354, 'Buyut Halimah', 188),
(4355, 'H. Zainuri', 188),
(4356, 'Buyut Rupiah', 188),
(4357, 'Mbah saikun', 189),
(4358, 'Zainul Arofah', 188),
(4359, 'Mbah ngedemun', 189),
(4360, 'Mujiana', 188),
(4361, 'Adik Rozak', 188),
(4362, 'Mbah sa.i', 189),
(4363, 'Mbah muin', 189),
(4364, 'bapak Abdul karim', 189),
(4365, 'pakde naji', 189),
(4366, 'pakde Hasan ', 189),
(4367, 'paman mujahid', 189),
(4368, 'Adik Tumini', 188),
(4369, 'paman tohir', 189),
(4370, 'Ibu Khuzainab', 188),
(4371, 'paman kri', 189),
(4372, 'paman nur', 189),
(4373, 'mas irmala', 189),
(4374, 'Adek Fulan', 188),
(4375, 'mbok aminten', 189),
(4376, 'Bu Asena', 188),
(4377, 'mbok wartin', 189),
(4378, 'Bapak Kojin', 188),
(4379, 'mbok sapini', 189),
(4380, 'Ibu Juwariyah', 188),
(4381, 'mbok atimah', 189),
(4382, 'ibu sulistinas', 189),
(4383, 'bude aminah', 189),
(4384, 'bude asia', 189),
(4385, 'bur riani', 189),
(4386, 'Bu aminah', 189),
(4387, 'Habibah Puji Astutik ', 190),
(4388, 'Ibu Sumiati', 190),
(4389, 'Ibu Murkaseh', 190),
(4390, 'Bpk Abdul Kader', 190),
(4391, 'Ibu Sumi.a', 190),
(4392, 'Ibu  Sarni', 190),
(4393, 'Ibu Sulastri', 190),
(4394, 'Anak Abizar', 190),
(4395, 'Bpk  Abdul Adji', 190),
(4396, 'Mbok Ngatminah', 190),
(4397, 'Yai Taher', 190),
(4398, 'Mbok Nasipah', 190),
(4399, 'Yai Urep', 190),
(4400, 'Mbok Samirah', 190),
(4401, 'Yai Mardani', 190),
(4402, 'Mbok Sarpi', 190),
(4403, 'Bpk Mukzen', 190),
(4404, 'Kyai H. Abdul Fakeh', 190),
(4405, 'bpk warsono', 188),
(4406, 'Khubi nur amami', 155),
(4407, 'ibu paini', 31),
(4408, 'ibu rupi ah', 31),
(4409, 'BPK. Gunari', 121),
(4410, 'HJ. Ruqoyah', 122),
(4411, 'pak mustanir', 107),
(4412, 'Ibu Hartatik', 109),
(4413, 'BPK. Abdul Aji sempol', 190),
(4414, 'mbok Amanah', 190),
(4415, 'Bpk. ruslan', 191),
(4416, 'Bpk. saim sekalian ', 191),
(4417, 'Bpk. asan sekalian ', 191),
(4418, 'Yai Tasemun sekalian', 191),
(4420, 'Yai Amah sekalian', 191),
(4422, 'Alimi', 191),
(4423, 'Nasikin', 191),
(4424, 'Erfan', 191),
(4425, 'Bpk. gufron', 191),
(4426, 'Ibu. siswanti', 191),
(4427, 'Yai Tamsir sekalian ', 191),
(4428, 'Yai Gimin sekalian ', 191),
(4429, 'Bpk. H. Tosari sekalian ', 191),
(4430, 'Bpk Jayadi', 191),
(4431, 'Bpk Abdul Rachman', 191),
(4432, 'Bpk Pitono', 191),
(4434, 'Bpk Samian sekalian ', 191),
(4435, 'Bpk. abdiari', 191),
(4436, 'Bpk Dai sekalian ', 191),
(4438, 'Ibu. paini', 191),
(4439, 'Bpk Ra.i sekalian ', 191),
(4440, 'Mbah Tamun', 191),
(4441, 'Mbah kasiana', 191),
(4442, 'Bpk kusaini', 191),
(4444, 'Bpk H. abd qodir', 192),
(4445, 'Bpk H. fathoni', 192),
(4446, 'Bpk H. ahmad saikhu', 192),
(4447, 'Bpk H. masrukhin', 192),
(4448, 'Bpk ismail', 192),
(4449, 'Bpk abd syukur', 192),
(4450, 'Bpk m zainul arifin', 192),
(4451, 'Bpk m rofiq', 192),
(4452, 'Bpk m Hadi', 192),
(4453, 'Bpk nur yasin', 192),
(4454, 'Ibu hj khodijah', 192),
(4455, 'Ibu hj sofiyah', 192),
(4456, 'Ibu Fatmawati ', 192),
(4457, 'Ibu robiah', 192),
(4458, 'Ibu khomsinah', 192),
(4459, 'Ibu maimanah', 192),
(4460, 'Ibu umi kulsum', 192),
(4461, 'Ibu nafisah', 192),
(4462, 'Adik alfi', 192),
(4463, 'Bpk m sholeh', 192),
(4464, 'Mas agis fatoni', 50),
(4465, 'ibu raminten', 72),
(4466, 'ibu raminten', 86),
(4467, 'ibu raminten', 66),
(4468, 'ibu sudarsih', 34),
(4469, 'adek lik ani', 34),
(4470, 'Muhammad muthok', 99),
(4471, 'Muhammad suryanto', 96),
(4472, 'Bp. Gunari', 108),
(4473, 'Mbah Raminten', 124),
(4474, 'Mbah Raminten ', 127),
(4475, 'Bapak Nodo Sekalian', 193),
(4476, 'Bapak Drais Sekalian ', 193),
(4477, 'Bapak Saman Sekalian', 193),
(4478, 'Bapak Suwandi Sekalian', 193),
(4479, 'Bapak Kusen Sekalian', 193),
(4480, 'Bapak Prayit', 193),
(4481, 'Bapak Rai', 193),
(4482, 'Ibu Kastin', 193),
(4483, 'Ibu Palima', 193),
(4484, 'Ibu Watenah', 191),
(4485, 'Nyai Supiyah', 191),
(4486, 'Mbah Rumini', 191);

-- --------------------------------------------------------

--
-- Struktur dari tabel `artikel`
--

CREATE TABLE `artikel` (
  `id` int(11) NOT NULL,
  `tamnel` varchar(255) NOT NULL,
  `judul` varchar(255) NOT NULL,
  `tanggal` varchar(55) NOT NULL,
  `lokasi` varchar(55) NOT NULL,
  `deskripsi` text NOT NULL,
  `dilihat` int(11) NOT NULL,
  `id_haul` int(11) NOT NULL,
  `foto` varchar(255) NOT NULL,
  `foto2` varchar(255) NOT NULL
) ENGINE=InnoDB DEFAULT CHARSET=latin1 COLLATE=latin1_swedish_ci;

--
-- Dumping data untuk tabel `artikel`
--

INSERT INTO `artikel` (`id`, `tamnel`, `judul`, `tanggal`, `lokasi`, `deskripsi`, `dilihat`, `id_haul`, `foto`, `foto2`) VALUES
(6, '28052024-172610.png', 'Artikel Pertama', 'Selasa, 28 Mei 2024', 'Dusun Randugembolo', 'Ini adalah deskripsi artikel pertama', 87, 0, '', ''),
(9, '28052024-224742.png', 'Artikel kedua', 'Selasa, 28 Mei 2024', 'Randugembolo ', 'ini adalah deskripsi untuk artikel kedua', 87, 0, '', ''),
(10, '28052024-230502.png', 'Ahjaiwjshsjwjwwj', 'Selasa, 28 Mei 2024', 'heusiejejehehjwjwn', 'bebebwjwhwhhwe', 87, 0, '', ''),
(11, '28052024-230712.png', 'asdasdasdajksdh', 'Selasa, 28 Mei 2024', 'hsajdhasjd dasjkdaskjd', 'jsahdjkahsjkdh jashdjksahdkj ashdjkahsdjk hsajkdh ajkhsdkhasdkhaksjh dakshdkjash dkjhasd', 87, 0, '', ''),
(12, '28052024-230830.png', 'hehejekwoe', 'Selasa, 28 Mei 2024', 'uwuwiwiwjj', 'hwhqiquww', 87, 0, '', ''),
(13, '29052024-090324.png', 'hwhjwj', 'Rabu, 29 Mei 2024', 'rjejejj', 'djwjkwoqos', 87, 0, '', ''),
(14, '18092024-114726.png', 'bshsjs', 'Rabu, 18 September 2024', 'hwjwiw', 'jsiwiw', 87, 0, '', ''),
(15, '24092024-150635.png', 'Test', 'Selasa, 24 September 2024', 'test', 'test', 87, 0, '', ''),
(17, '27092024-051026.png', 'test data', 'Jumat, 27 September 2024', 'lokasi', 'deskripsi ', 87, 0, '', '');

-- --------------------------------------------------------

--
-- Struktur dari tabel `haul`
--

CREATE TABLE `haul` (
  `id` int(11) NOT NULL,
  `tanggal` varchar(55) NOT NULL,
  `deskripsi` text NOT NULL,
  `status` int(1) NOT NULL
) ENGINE=InnoDB DEFAULT CHARSET=utf8mb4 COLLATE=utf8mb4_general_ci;

--
-- Dumping data untuk tabel `haul`
--

INSERT INTO `haul` (`id`, `tanggal`, `deskripsi`, `status`) VALUES
(22, 'Minggu, 07 April 2024', 'Haul Ramadhan Mushola', 0),
(23, 'Jumat, 24 Mei 2024', 'Haul Jemuah Legi', 0),
(25, 'Jumat, 28 Juni 2024', 'Haul Jemuah Legi', 0),
(26, 'Jumat, 02 Agustus 2024', 'Haul Jemuah Legi', 0),
(27, 'Jumat, 06 September 2024', 'Haul Jemuah Legi', 0);

-- --------------------------------------------------------

--
-- Struktur dari tabel `keluarga`
--

CREATE TABLE `keluarga` (
  `id` int(11) NOT NULL,
  `nama` varchar(255) NOT NULL,
  `rt` int(11) NOT NULL,
  `telepon` varchar(15) NOT NULL,
  `id_user` int(11) NOT NULL
) ENGINE=InnoDB DEFAULT CHARSET=utf8mb4 COLLATE=utf8mb4_general_ci;

--
-- Dumping data untuk tabel `keluarga`
--

INSERT INTO `keluarga` (`id`, `nama`, `rt`, `telepon`, `id_user`) VALUES
(16, 'Bapak Mat Jaelani', 2, '', 29),
(17, 'Bapak Jumawi', 2, '', 34),
(18, 'Saudara Darmaji', 2, '', 0),
(19, 'Bapak Diran', 2, '', 29),
(20, 'Bapak Takim', 2, '', 34),
(21, 'H. Maun', 2, '', 32),
(22, 'Bapak Purwanto', 2, '', 29),
(23, 'Bapak Rokai', 2, '', 34),
(25, 'Ibu Rupik', 2, '', 24),
(26, 'Bpk. Agung', 2, '', 32),
(27, 'Bapak Sodiqin', 2, '', 27),
(28, 'Bapak Samin', 2, '', 34),
(29, 'Ibu Sumarni (ibu Ika)', 2, '', 32),
(30, 'Bapak Kariono', 2, '', 27),
(31, 'Bapak Karim', 2, '', 29),
(32, 'Bapak Andik/Rudi Yulianto', 2, '', 34),
(33, 'Bapak Siyanto', 2, '', 32),
(34, 'Bapak M. Imam Arip', 2, '', 31),
(35, 'Bapak Misbakhul Isya', 2, '', 24),
(37, 'Bapak Samsuri/Ibu Khotimah', 2, '', 34),
(38, 'Bapak Ayub', 2, '', 31),
(39, 'Bapak Apri', 2, '', 29),
(40, 'Bapak Yan Rakasiwi', 2, '', 24),
(42, 'Bapak Suyuti', 2, '', 32),
(43, 'Bapak Haji Ahmad / Cak Nur', 2, '', 31),
(44, 'Bapak Syukur', 2, '', 32),
(45, 'Bapak Akhadun', 2, '', 29),
(46, 'Bapak Syaiful', 2, '', 30),
(47, 'Bapak Sa.i', 2, '', 29),
(48, 'Bapak Sutik', 2, '', 29),
(49, 'Bapak Rofiq', 2, '', 24),
(50, 'Ibu Tutik', 2, '', 24),
(60, 'ibu markatin', 3, '', 18),
(61, 'Bpk Moch.Sholeh', 2, '', 31),
(63, 'Bapak Ropi i', 1, '', 29),
(65, 'Bapak Aspari', 2, '', 19),
(66, 'bpk zazuli', 2, '', 31),
(68, 'Saudara Darmaji (Hasan)', 2, '', 27),
(69, 'Bpk Untung', 2, '', 27),
(70, 'Bapak Yuri', 1, '', 21),
(71, 'ibu susana', 3, '', 18),
(72, 'bpk sunarji', 2, '', 31),
(73, 'Bapak Slamet', 2, '', 24),
(74, 'ibu sukarlin', 2, '', 27),
(75, 'BPK riamin', 2, '', 19),
(76, 'm. nur khasan', 3, '', 0),
(77, 'Bapak Sifa.', 1, '', 21),
(78, 'bpk poniman', 2, '', 27),
(79, 'bpk hariyanto (sayur)', 2, '', 27),
(80, 'Bapak Mukhit (Misnan)', 2, '', 24),
(81, 'ibu siti munawati', 3, '', 18),
(83, 'Bapak H. Zainal Abidin', 2, '', 27),
(84, 'Bapak Warkhan', 3, '085961589530', 18),
(85, 'H. Ghufron Hasan', 5, '', 21),
(86, 'bpk amir', 2, '', 31),
(87, 'ibu Safa.atin', 2, '', 19),
(89, 'Bapak Sodiq', 2, '', 27),
(90, 'bpk misroj kholil', 3, '', 18),
(91, 'Ibu Riami', 1, '', 21),
(92, 'bpk abdilah', 2, '', 31),
(93, 'Bapak Kaspani', 2, '', 27),
(94, 'BAPAK H MUJIONO', 2, '', 31),
(95, 'BPK santuri', 2, '', 19),
(96, 'bpk amin tohari', 3, '', 18),
(97, 'bpk solikhin ', 3, '', 18),
(98, 'Bapak Juri', 1, '', 29),
(99, 'ust imam sholikin', 3, '', 18),
(100, 'BPK sami.an', 2, '', 19),
(101, 'Ibu Hj Sapikya', 3, '', 18),
(102, 'Bpk Mokh Syaifudin (Perumahan)', 5, '', 31),
(103, 'BPK wariadi', 2, '', 19),
(104, 'BPK sukarso', 2, '', 19),
(105, 'bapak ngatemun', 3, '', 18),
(106, 'H. Slamet (Pondok)', 2, '', 29),
(107, 'bpk wifqul adhan', 2, '', 28),
(108, 'Bpk Edi Santoso', 1, '', 21),
(109, 'BAPAK DIDIK', 3, '', 18),
(110, 'Bapak Ainul ', 5, '', 31),
(111, 'Bapak Kastamun', 3, '', 18),
(112, 'bapak sunariyo', 3, '', 26),
(113, 'Sdr. Sobirin', 2, '', 30),
(114, 'bpk santoso', 3, '', 26),
(115, 'bpk aripin', 2, '', 28),
(116, 'Ibu Kinana', 3, '', 21),
(117, 'BPK sukirno', 2, '', 28),
(118, 'bpk juma.in', 2, '', 28),
(119, 'Bapak Mansur', 2, '', 30),
(120, 'bpk lasiman', 2, '', 28),
(121, 'Bpk Khoironi', 3, '', 26),
(122, 'Sdr Wawan', 3, '', 26),
(123, 'Bpk H. Mustari', 3, '', 18),
(124, 'Bpk Taman', 2, '', 30),
(125, 'Bpk Duriyat', 1, '', 29),
(126, 'Bpk Kahar', 2, '', 28),
(127, 'Ibu Jamikyah', 3, '', 26),
(128, 'Bpk Iswanto', 3, '', 26),
(129, 'Bpk Hariyanto (ibu ul)', 2, '', 28),
(130, 'Bpk Mulyono', 2, '', 28),
(131, 'Bpk H. Samar', 3, '', 18),
(132, 'Bpk Asad Fauzi', 3, '', 26),
(133, 'Bpk Ipin', 2, '', 30),
(134, 'Sdr Dimas', 3, '', 26),
(135, 'Bpk Masrikin', 2, '', 28),
(136, 'Bpk Suud', 3, '', 28),
(137, 'Ibu Sumiasih', 3, '', 18),
(138, 'Bpk Hanafi', 1, '', 21),
(139, 'Bpk Ratemun', 3, '', 26),
(140, 'Bpk Janib Pawito', 3, '', 26),
(141, 'Bpk Rofiq', 3, '', 18),
(142, 'Bpk Sugeng', 2, '', 30),
(143, 'Ibu Sita', 1, '', 21),
(144, 'Bpk Jumadi', 3, '', 18),
(145, 'Bpk Talim', 2, '', 30),
(146, 'Bpk Kandar', 2, '', 30),
(147, 'Bpk Agus Salim', 3, '', 18),
(148, 'Bpk Ismail', 3, '', 18),
(149, 'Mbok Pa', 2, '', 30),
(150, 'Bpk H. Abd Rochim', 2, '', 30),
(151, 'Ibu Jumiati', 3, '', 18),
(152, 'Bpk Ali Usman', 2, '', 30),
(155, 'BPK Sofyan Sauri', 2, '', 31),
(156, 'Bapak Solikin (Nasgor)', 2, '', 32),
(157, 'BPK.Kasdi', 2, '', 0),
(158, 'Bapak Susanto', 2, '', 0),
(159, 'bpk.sunoto', 2, '', 0),
(161, 'bpk siyanto', 2, '', 32),
(162, 'bpk hendro', 2, '', 31),
(163, 'bapak rustam yonkaf', 2, '', 0),
(164, 'bpk irwan', 2, '', 32),
(165, 'Bpk Muhamad Ajib', 3, '', 20),
(166, 'BPK.abdul jalil', 3, '', 20),
(167, 'bpk Hartono ', 2, '', 34),
(168, 'bok suyuti', 2, '', 0),
(169, 'BAPAK YANTO', 3, '', 20),
(170, 'bapak supai', 3, '', 20),
(171, 'bpk a.an', 2, '', 34),
(173, 'Bapak Suwito ', 3, '', 20),
(174, 'Bpk Winoto', 3, '', 20),
(175, 'Bpk Jumari', 3, '', 20),
(176, 'Bpk Saipul', 2, '', 32),
(177, 'Bpk Nurfayakun', 3, '', 20),
(178, 'Bpk Kohar', 2, '', 34),
(179, 'Bpk Hariyanto (Ida)', 2, '', 32),
(180, 'Bpk Didiek Syarifudin', 3, '', 18),
(181, 'Bpk Nasir', 3, '', 20),
(182, 'Bpk Paidi', 2, '', 34),
(183, 'Bapak Akrim', 2, '', 19),
(184, 'Bapak Suliono', 3, '', 0),
(185, 'Bapak Karsimin', 3, '', 21),
(186, 'Bapak Saproni', 3, '', 21),
(187, 'Bpk Dadang', 3, '', 0),
(188, 'Bapak Adnan', 2, '', 31),
(189, 'Bapak Fahmi (Robi)', 2, '', 24),
(190, 'Abah Abdul Wahab', 3, '', 21),
(191, 'ibu yaumi chasanah', 3, '', 0),
(192, 'Ibu nurul fadilah', 4, '', 0),
(193, 'Bapak Sultan', 2, '', 0);

-- --------------------------------------------------------

--
-- Struktur dari tabel `penarikan`
--

CREATE TABLE `penarikan` (
  `id` int(11) NOT NULL,
  `id_haul` int(11) NOT NULL,
  `id_keluarga` int(11) NOT NULL,
  `jumlah` int(11) NOT NULL,
  `deskripsi` text NOT NULL,
  `id_user` int(11) NOT NULL,
  `dibaca` int(11) NOT NULL
) ENGINE=InnoDB DEFAULT CHARSET=utf8mb4 COLLATE=utf8mb4_general_ci;

--
-- Dumping data untuk tabel `penarikan`
--

INSERT INTO `penarikan` (`id`, `id_haul`, `id_keluarga`, `jumlah`, `deskripsi`, `id_user`, `dibaca`) VALUES
(87, 22, 148, 50000, '', 33, 1),
(88, 22, 123, 50000, '', 33, 1),
(89, 22, 111, 20000, '', 33, 1),
(90, 22, 19, 20000, '', 29, 1),
(91, 22, 16, 20000, '', 29, 1),
(92, 22, 45, 20000, '', 29, 1),
(93, 22, 48, 20000, '', 29, 1),
(94, 22, 47, 10000, '', 29, 1),
(95, 22, 31, 15000, '', 29, 1),
(96, 22, 93, 20000, '', 27, 1),
(97, 22, 89, 15000, '', 27, 1),
(98, 22, 79, 15000, '', 27, 1),
(99, 22, 83, 25000, '', 27, 1),
(100, 22, 78, 10000, '', 27, 1),
(101, 22, 69, 10000, '', 27, 1),
(102, 22, 68, 5000, '', 27, 1),
(103, 22, 27, 15000, '', 27, 1),
(104, 22, 26, 30000, '', 32, 1),
(105, 22, 21, 15000, '', 32, 1),
(106, 22, 135, 10000, '', 28, 1),
(107, 22, 117, 28000, '', 28, 1),
(108, 22, 129, 30000, '', 28, 1),
(109, 22, 130, 20000, '', 28, 1),
(110, 22, 126, 20000, '', 28, 1),
(111, 22, 118, 20000, '', 28, 1),
(112, 22, 115, 20000, '', 28, 1),
(113, 22, 136, 20000, '', 28, 1),
(114, 22, 140, 20000, '', 26, 1),
(115, 22, 134, 20000, '', 26, 1),
(116, 22, 122, 25000, '', 26, 1),
(117, 22, 128, 20000, '', 26, 1),
(118, 22, 114, 20000, '', 26, 1),
(119, 22, 109, 50000, '', 0, 1),
(120, 22, 87, 20000, '', 0, 1),
(121, 22, 152, 20000, '', 0, 1),
(122, 22, 113, 15000, '', 0, 1),
(123, 22, 149, 20000, '', 0, 1),
(124, 22, 145, 20000, '', 0, 1),
(125, 22, 146, 15000, '', 0, 1),
(126, 22, 133, 20000, '', 0, 1),
(127, 22, 124, 20000, '', 0, 1),
(128, 22, 142, 50000, '', 0, 1),
(129, 22, 119, 15000, '', 0, 1),
(131, 22, 30, 30000, '', 27, 1),
(133, 22, 156, 14000, '', 0, 1),
(134, 22, 33, 20000, '', 0, 1),
(135, 22, 42, 20000, '', 0, 1),
(136, 22, 44, 10000, '', 0, 1),
(137, 22, 179, 30000, '', 0, 1),
(138, 22, 176, 20000, '', 0, 1),
(139, 22, 60, 30000, '', 0, 1),
(140, 22, 37, 30000, '', 0, 1),
(141, 22, 104, 50000, '', 0, 1),
(142, 22, 107, 20000, '', 28, 1),
(144, 22, 121, 30000, '', 0, 1),
(145, 22, 181, 30000, '', 0, 1),
(146, 22, 150, 10000, '', 0, 1),
(147, 22, 75, 40000, '', 0, 1),
(148, 22, 0, 650000, 'Amal Jariyah', 0, 0),
(149, 23, 19, 20000, '', 29, 1),
(150, 23, 22, 50000, '', 29, 1),
(151, 23, 39, 25000, '', 29, 1),
(152, 23, 45, 20000, '', 29, 1),
(153, 23, 47, 10000, '', 29, 1),
(154, 23, 48, 20000, '', 29, 1),
(155, 23, 73, 10000, '', 24, 1),
(156, 23, 80, 10000, '', 24, 1),
(157, 23, 40, 20000, '', 24, 1),
(158, 23, 21, 10000, '', 32, 1),
(159, 23, 33, 20000, '', 32, 1),
(160, 23, 26, 30000, '', 32, 1),
(161, 23, 42, 20000, '', 32, 1),
(162, 23, 44, 10000, '', 32, 1),
(163, 23, 156, 20000, '', 32, 1),
(164, 23, 164, 5000, '', 32, 1),
(165, 23, 176, 20000, '', 32, 1),
(166, 23, 179, 20000, '', 32, 1),
(167, 23, 65, 20000, '', 19, 1),
(168, 23, 75, 50000, '', 19, 1),
(169, 23, 87, 20000, '', 19, 1),
(170, 23, 95, 20000, '', 19, 1),
(171, 23, 100, 20000, '', 19, 1),
(172, 23, 104, 30000, '', 19, 1),
(173, 23, 103, 30000, '', 19, 1),
(174, 23, 183, 20000, '', 19, 1),
(175, 23, 25, 50000, '', 24, 1),
(176, 23, 35, 20000, '', 24, 1),
(177, 23, 16, 20000, '', 29, 1),
(178, 23, 31, 20000, '', 29, 1),
(179, 23, 109, 50000, '', 35, 1),
(180, 23, 23, 15000, '', 34, 1),
(181, 23, 131, 20000, '', 35, 1),
(182, 23, 81, 20000, '', 18, 1),
(183, 23, 32, 20000, '', 34, 1),
(184, 23, 144, 10000, '', 35, 1),
(185, 23, 147, 10000, '', 35, 1),
(186, 23, 182, 20000, '', 34, 1),
(187, 23, 84, 15000, '', 18, 1),
(188, 23, 167, 20000, '', 34, 1),
(189, 23, 148, 30000, '', 35, 1),
(190, 23, 90, 30000, '', 18, 1),
(191, 23, 17, 20000, '', 34, 1),
(192, 23, 171, 40000, '', 34, 1),
(194, 23, 111, 30000, '', 35, 1),
(195, 23, 96, 20000, '', 18, 1),
(196, 23, 178, 25000, '', 34, 1),
(197, 23, 99, 20000, '', 18, 1),
(198, 23, 28, 20000, '', 34, 1),
(199, 23, 71, 20000, '', 18, 1),
(200, 23, 60, 20000, '', 18, 1),
(201, 23, 135, 20000, '', 28, 1),
(202, 23, 129, 20000, '', 28, 1),
(203, 23, 126, 30000, '', 28, 1),
(204, 23, 120, 20000, '', 28, 1),
(205, 23, 118, 20000, '', 28, 1),
(206, 23, 115, 20000, '', 28, 1),
(207, 23, 61, 50000, '', 31, 1),
(208, 23, 43, 20000, '', 31, 1),
(209, 23, 72, 20000, '', 31, 1),
(210, 23, 86, 10000, '', 31, 1),
(211, 23, 92, 20000, '', 31, 1),
(212, 23, 34, 20000, '', 31, 1),
(213, 23, 94, 10000, '', 31, 1),
(214, 23, 140, 20000, '', 26, 1),
(215, 23, 134, 10000, '', 26, 1),
(216, 23, 121, 30000, '', 26, 1),
(217, 23, 66, 20000, '', 31, 1),
(218, 23, 132, 50000, '', 26, 1),
(219, 23, 128, 25000, '', 26, 1),
(220, 23, 136, 10000, '', 28, 1),
(221, 23, 127, 20000, '', 26, 1),
(222, 23, 114, 20000, '', 26, 1),
(223, 23, 107, 10000, '', 28, 1),
(224, 23, 113, 15000, '', 0, 1),
(225, 23, 149, 30000, '', 0, 1),
(226, 23, 150, 10000, '', 0, 1),
(227, 23, 146, 15000, '', 0, 1),
(228, 23, 145, 20000, '', 0, 1),
(229, 23, 142, 50000, '', 0, 1),
(230, 23, 133, 20000, '', 0, 1),
(231, 23, 124, 20000, '', 0, 1),
(232, 23, 119, 15000, '', 0, 1),
(233, 23, 20, 20000, '', 0, 1),
(234, 23, 106, 50000, '', 29, 1),
(235, 23, 37, 25000, '', 0, 1),
(236, 23, 170, 20000, '', 0, 1),
(237, 23, 184, 50000, '', 0, 1),
(238, 23, 151, 20000, '', 0, 1),
(239, 23, 108, 50000, '', 0, 1),
(240, 23, 101, 20000, '', 0, 1),
(241, 23, 93, 20000, '', 0, 1),
(242, 23, 89, 15000, '', 0, 1),
(243, 23, 83, 20000, '', 0, 1),
(244, 23, 79, 15000, '', 0, 1),
(245, 23, 74, 10000, '', 0, 1),
(246, 23, 69, 10000, '', 0, 1),
(247, 23, 68, 10000, '', 0, 1),
(248, 23, 27, 15000, '', 0, 1),
(249, 23, 186, 10000, '', 0, 1),
(250, 23, 187, 10000, '', 0, 1),
(251, 23, 185, 20000, '', 0, 1),
(252, 23, 123, 50000, '', 0, 1),
(253, 23, 143, 20000, '', 0, 1),
(254, 23, 138, 50000, '', 0, 1),
(255, 23, 77, 30000, '', 0, 1),
(256, 25, 65, 30000, '', 19, 1),
(257, 25, 75, 70000, '', 19, 1),
(258, 25, 87, 20000, '', 19, 1),
(259, 25, 100, 15000, '', 19, 1),
(260, 25, 104, 30000, '', 19, 1),
(261, 25, 103, 30000, '', 19, 1),
(262, 25, 95, 20000, '', 19, 1),
(263, 25, 16, 10000, '', 29, 1),
(264, 25, 19, 25000, '', 29, 1),
(265, 25, 22, 50000, '', 29, 1),
(266, 25, 31, 15000, '', 29, 1),
(267, 25, 39, 25000, '', 29, 1),
(268, 25, 45, 20000, '', 29, 1),
(269, 25, 47, 10000, '', 29, 1),
(270, 25, 48, 20000, '', 29, 1),
(271, 25, 71, 20000, '', 18, 1),
(272, 25, 99, 20000, '', 18, 1),
(273, 25, 105, 20000, '', 18, 1),
(274, 25, 96, 20000, '', 18, 1),
(275, 25, 90, 25000, '', 18, 1),
(276, 25, 84, 20000, '', 18, 1),
(277, 25, 81, 20000, '', 18, 1),
(278, 25, 49, 20000, '', 24, 1),
(279, 25, 73, 10000, '', 24, 1),
(280, 25, 80, 15000, '', 24, 1),
(281, 25, 40, 20000, '', 24, 1),
(282, 25, 135, 10000, '', 28, 1),
(283, 25, 37, 25000, '', 34, 1),
(284, 25, 129, 30000, '', 28, 1),
(285, 25, 35, 30000, '', 24, 1),
(286, 25, 25, 40000, '', 24, 1),
(287, 25, 32, 15000, '', 34, 1),
(288, 25, 117, 20000, '', 28, 1),
(289, 25, 182, 20000, '', 34, 1),
(290, 25, 126, 25000, '', 28, 1),
(291, 25, 167, 15000, '', 34, 1),
(292, 25, 120, 10000, '', 28, 1),
(293, 25, 118, 20000, '', 28, 1),
(294, 25, 115, 20000, '', 28, 1),
(295, 25, 17, 20000, '', 34, 1),
(296, 25, 178, 25000, '', 34, 1),
(297, 25, 60, 20000, '', 18, 1),
(298, 25, 140, 20000, '', 26, 1),
(299, 25, 171, 20000, '', 34, 1),
(300, 25, 136, 20000, '', 28, 1),
(301, 25, 23, 20000, '', 34, 1),
(302, 25, 134, 10000, '', 26, 1),
(303, 25, 139, 8000, '', 26, 1),
(304, 25, 21, 20000, '', 32, 1),
(305, 25, 26, 20000, '', 32, 1),
(306, 25, 33, 20000, '', 32, 1),
(307, 25, 44, 10000, '', 32, 1),
(308, 25, 164, 5000, '', 32, 1),
(309, 25, 132, 50000, '', 26, 1),
(310, 25, 179, 30000, '', 32, 1),
(311, 25, 176, 20000, '', 32, 1),
(312, 25, 128, 20000, '', 26, 1),
(313, 25, 107, 15000, '', 28, 1),
(314, 25, 43, 20000, '', 31, 1),
(315, 25, 61, 50000, '', 31, 1),
(316, 25, 86, 15000, '', 31, 1),
(317, 25, 72, 30000, '', 31, 1),
(318, 25, 92, 20000, '', 31, 1),
(319, 25, 94, 15000, '', 31, 1),
(320, 25, 34, 20000, '', 31, 1),
(321, 25, 156, 10000, '', 32, 1),
(322, 25, 106, 50000, '', 29, 1),
(323, 25, 114, 20000, '', 26, 1),
(324, 25, 144, 20000, '', 0, 1),
(325, 25, 101, 20000, '', 0, 1),
(327, 25, 137, 20000, '', 0, 1),
(328, 25, 108, 50000, '', 0, 1),
(330, 25, 113, 15000, '', 30, 1),
(331, 25, 124, 20000, '', 30, 1),
(332, 25, 133, 20000, '', 30, 1),
(333, 25, 142, 50000, '', 30, 1),
(334, 25, 145, 15000, '', 30, 1),
(335, 25, 146, 15000, '', 30, 1),
(336, 25, 127, 20000, '', 0, 1),
(337, 25, 149, 20000, '', 30, 1),
(338, 25, 150, 10000, '', 30, 1),
(339, 25, 152, 20000, '', 30, 1),
(340, 25, 148, 30000, '', 0, 1),
(341, 25, 170, 20000, '', 0, 1),
(342, 25, 29, 10000, '', 32, 1),
(343, 25, 42, 50000, '', 32, 1),
(344, 25, 111, 30000, '', 0, 1),
(345, 25, 131, 20000, '', 0, 1),
(346, 25, 93, 20000, '', 0, 1),
(347, 25, 89, 15000, '', 0, 1),
(348, 25, 83, 25000, '', 0, 1),
(349, 25, 78, 10000, '', 0, 1),
(350, 25, 74, 5000, '', 0, 1),
(351, 25, 79, 10000, '', 0, 1),
(352, 25, 69, 10000, '', 0, 1),
(353, 25, 68, 10000, '', 0, 1),
(354, 25, 27, 15000, '', 0, 1),
(355, 25, 30, 20000, '', 0, 1),
(356, 25, 28, 20000, '', 34, 1),
(357, 25, 143, 20000, '', 0, 1),
(358, 25, 138, 50000, '', 0, 1),
(359, 25, 123, 50000, '', 0, 1),
(360, 25, 188, 20000, '', 31, 1),
(361, 25, 190, 50000, '', 0, 1),
(362, 25, 162, 20000, '', 0, 1),
(363, 25, 121, 30000, '', 0, 0),
(364, 26, 113, 15000, '', 30, 1),
(365, 26, 119, 15000, '', 30, 1),
(366, 26, 124, 20000, '', 30, 1),
(367, 26, 133, 20000, '', 30, 1),
(368, 26, 142, 50000, '', 30, 1),
(370, 26, 146, 15000, '', 30, 1),
(371, 26, 145, 10000, '', 30, 1),
(372, 26, 149, 20000, '', 30, 1),
(373, 26, 150, 10000, '', 30, 1),
(374, 26, 152, 10000, '', 30, 1),
(375, 26, 26, 20000, '', 32, 1),
(376, 26, 21, 10000, '', 32, 1),
(377, 26, 29, 10000, '', 32, 1),
(378, 26, 33, 15000, '', 32, 1),
(379, 26, 42, 20000, '', 32, 1),
(380, 26, 156, 10000, '', 32, 1),
(381, 26, 176, 20000, '', 32, 1),
(382, 26, 164, 5000, '', 32, 1),
(383, 26, 179, 30000, '', 32, 1),
(384, 26, 114, 20000, '', 26, 1),
(385, 26, 16, 20000, '', 29, 1),
(386, 26, 50, 20000, '', 24, 1),
(387, 26, 49, 15000, '', 24, 1),
(388, 26, 80, 20000, '', 24, 1),
(389, 26, 40, 20000, '', 24, 1),
(390, 26, 35, 20000, '', 24, 1),
(391, 26, 25, 50000, '', 24, 1),
(392, 26, 71, 20000, '', 18, 1),
(393, 26, 148, 20000, '', 33, 1),
(394, 26, 189, 15000, '', 24, 1),
(395, 26, 147, 10000, '', 33, 1),
(396, 26, 144, 10000, '', 33, 1),
(397, 26, 137, 20000, '', 33, 1),
(398, 26, 141, 15000, '', 33, 1),
(399, 26, 131, 20000, '', 33, 1),
(400, 26, 37, 25000, '', 34, 1),
(401, 26, 123, 50000, '', 33, 1),
(402, 26, 32, 15000, '', 34, 1),
(403, 26, 111, 20000, '', 33, 1),
(404, 26, 182, 20000, '', 34, 1),
(405, 26, 99, 20000, '', 18, 1),
(406, 26, 167, 20000, '', 34, 1),
(407, 26, 109, 50000, '', 33, 1),
(408, 26, 155, 20000, '', 35, 1),
(409, 26, 19, 15000, '', 29, 1),
(410, 26, 180, 20000, '', 33, 1),
(411, 26, 171, 20000, '', 34, 1),
(412, 26, 31, 10000, '', 29, 1),
(413, 26, 17, 10000, '', 34, 1),
(414, 26, 38, 20000, '', 35, 1),
(415, 26, 96, 20000, '', 18, 1),
(416, 26, 178, 20000, '', 34, 1),
(417, 26, 39, 25000, '', 29, 1),
(418, 26, 90, 25000, '', 18, 1),
(419, 26, 93, 20000, '', 27, 1),
(420, 26, 84, 20000, '', 18, 1),
(421, 26, 45, 20000, '', 29, 1),
(422, 26, 89, 20000, '', 27, 1),
(423, 26, 81, 25000, '', 18, 1),
(424, 26, 102, 100000, '', 35, 1),
(425, 26, 79, 15000, '', 27, 1),
(426, 26, 83, 30000, '', 27, 1),
(427, 26, 69, 10000, '', 27, 1),
(428, 26, 27, 20000, '', 27, 1),
(429, 26, 30, 15000, '', 27, 1),
(430, 26, 110, 100000, '', 35, 1),
(431, 26, 60, 20000, '', 18, 1),
(432, 26, 140, 20000, '', 26, 1),
(433, 26, 48, 20000, '', 29, 1),
(434, 26, 47, 10000, '', 29, 1),
(435, 26, 134, 20000, '', 26, 1),
(436, 26, 121, 25000, '', 26, 1),
(437, 26, 132, 50000, '', 26, 1),
(438, 26, 75, 70000, '', 19, 1),
(439, 26, 122, 25000, '', 26, 1),
(440, 26, 87, 20000, '', 19, 1),
(441, 26, 95, 10000, '', 19, 1),
(442, 26, 100, 15000, '', 19, 1),
(443, 26, 104, 30000, '', 19, 1),
(444, 26, 103, 20000, '', 19, 1),
(445, 26, 135, 10000, '', 28, 1),
(446, 26, 183, 20000, '', 19, 1),
(447, 26, 117, 20000, '', 28, 1),
(448, 26, 130, 10000, '', 28, 1),
(449, 26, 126, 30000, '', 28, 1),
(450, 26, 120, 15000, '', 28, 1),
(451, 26, 118, 20000, '', 28, 1),
(452, 26, 115, 20000, '', 28, 1),
(453, 26, 129, 20000, '', 28, 1),
(454, 26, 107, 10000, '', 28, 1),
(455, 26, 43, 20000, '', 31, 1),
(456, 26, 86, 10000, '', 31, 1),
(458, 26, 188, 20000, '', 31, 1),
(459, 26, 72, 10000, '', 31, 1),
(460, 26, 92, 20000, '', 31, 1),
(461, 26, 94, 24000, '', 31, 1),
(462, 26, 34, 20000, '', 31, 1),
(463, 26, 66, 20000, '', 31, 1),
(464, 26, 23, 20000, '', 34, 1),
(465, 26, 101, 20000, '', 0, 1),
(466, 26, 108, 50000, '', 0, 1),
(467, 26, 20, 20000, '', 0, 1),
(468, 26, 22, 30000, '', 29, 1),
(469, 26, 127, 20000, '', 0, 1),
(470, 26, 116, 30000, '', 0, 1),
(471, 26, 106, 50000, '', 29, 1),
(472, 26, 65, 30000, '', 0, 1),
(473, 26, 0, 5000, 'Sumbangan Bapak Rais', 0, 0),
(474, 26, 87, 20000, '', 0, 1),
(475, 26, 151, 20000, '', 0, 1),
(476, 26, 170, 20000, '', 0, 1),
(477, 26, 136, 10000, '', 0, 1),
(478, 26, 190, 50000, '', 0, 1),
(479, 26, 28, 20000, '', 34, 1),
(480, 26, 0, 700000, 'Kotak Amal', 0, 0),
(481, 26, 61, 50000, '', 0, 1),
(482, 26, 191, 50000, '', 0, 1),
(483, 26, 143, 20000, '', 0, 1),
(484, 26, 192, 35000, '', 0, 0),
(485, 27, 49, 17000, '', 24, 1),
(486, 27, 50, 20000, '', 24, 1),
(487, 27, 73, 10000, '', 24, 1),
(488, 27, 40, 20000, '', 24, 1),
(489, 27, 35, 20000, '', 24, 1),
(490, 27, 80, 20000, '', 24, 1),
(491, 27, 189, 10000, '', 24, 1),
(492, 27, 25, 20000, '', 24, 1),
(493, 27, 21, 10000, '', 32, 1),
(494, 27, 29, 30000, '', 32, 1),
(495, 27, 33, 20000, '', 32, 1),
(496, 27, 164, 15000, '', 32, 1),
(497, 27, 179, 20000, '', 32, 1),
(499, 27, 44, 10000, '', 32, 1),
(500, 27, 176, 20000, '', 32, 1),
(501, 27, 43, 20000, '', 31, 1),
(503, 27, 72, 20000, '', 31, 1),
(504, 27, 86, 15000, '', 31, 1),
(505, 27, 66, 20000, '', 31, 1),
(506, 27, 188, 20000, '', 31, 1),
(507, 27, 92, 20000, '', 31, 1),
(508, 27, 34, 20000, '', 31, 1),
(510, 27, 94, 15000, '', 31, 1),
(511, 27, 16, 15000, '', 29, 1),
(512, 27, 19, 15000, '', 29, 1),
(513, 27, 37, 25000, '', 34, 1),
(514, 27, 99, 20000, '', 18, 1),
(515, 27, 31, 10000, '', 29, 1),
(516, 27, 32, 20000, '', 34, 1),
(517, 27, 182, 20000, '', 34, 1),
(518, 27, 167, 20000, '', 34, 1),
(519, 27, 96, 20000, '', 18, 1),
(520, 27, 39, 22000, '', 29, 1),
(521, 27, 90, 30000, '', 18, 1),
(522, 27, 171, 20000, '', 34, 1),
(523, 27, 84, 20000, '', 18, 1),
(524, 27, 45, 20000, '', 29, 1),
(525, 27, 17, 10000, '', 34, 1),
(526, 27, 48, 20000, '', 29, 1),
(527, 27, 81, 25000, '', 18, 1),
(528, 27, 98, 25000, '', 29, 1),
(529, 27, 23, 20000, '', 34, 1),
(530, 27, 101, 20000, '', 18, 1),
(532, 27, 60, 20000, '', 18, 1),
(533, 27, 28, 20000, '', 34, 1),
(534, 27, 22, 50000, '', 29, 1),
(535, 27, 63, 20000, '', 29, 1),
(536, 27, 113, 20000, '', 30, 1),
(537, 27, 119, 15000, '', 30, 1),
(538, 27, 124, 20000, '', 30, 1),
(539, 27, 133, 20000, '', 30, 1),
(540, 27, 142, 50000, '', 30, 1),
(541, 27, 145, 20000, '', 30, 1),
(542, 27, 146, 15000, '', 30, 1),
(543, 27, 149, 25000, '', 30, 1),
(544, 27, 150, 10000, '', 30, 1),
(545, 27, 152, 10000, '', 30, 1),
(546, 27, 156, 6000, '', 32, 1),
(547, 27, 26, 20000, '', 32, 1),
(548, 27, 148, 30000, '', 18, 1),
(549, 27, 144, 20000, '', 18, 1),
(550, 27, 93, 20000, '', 27, 1),
(551, 27, 137, 20000, '', 18, 1),
(552, 27, 89, 15000, '', 27, 1),
(553, 27, 83, 20000, '', 27, 1),
(554, 27, 79, 15000, '', 27, 1),
(555, 27, 78, 5000, '', 27, 1),
(556, 27, 141, 14000, '', 18, 1),
(557, 27, 74, 5000, '', 27, 1),
(558, 27, 69, 10000, '', 27, 1),
(559, 27, 68, 10000, '', 27, 1),
(560, 27, 131, 20000, '', 18, 1),
(561, 27, 30, 20000, '', 27, 1),
(562, 27, 27, 10000, '', 27, 1),
(563, 27, 109, 50000, '', 18, 1),
(564, 27, 180, 20000, '', 18, 1),
(565, 27, 111, 20000, '', 18, 1),
(566, 27, 105, 20000, '', 18, 1),
(567, 27, 71, 20000, '', 18, 1),
(568, 27, 135, 10000, '', 28, 1),
(569, 27, 129, 20000, '', 28, 1),
(570, 27, 130, 10000, '', 28, 1),
(571, 27, 126, 25000, '', 28, 1),
(572, 27, 120, 10000, '', 28, 1),
(573, 27, 118, 20000, '', 28, 1),
(574, 27, 115, 20000, '', 28, 1),
(575, 27, 162, 15000, '', 31, 1),
(576, 27, 155, 20000, '', 31, 1),
(577, 27, 38, 20000, '', 31, 1),
(578, 27, 107, 10000, '', 28, 1),
(579, 27, 170, 20000, '', 0, 1),
(580, 27, 32, 30000, '', 0, 1),
(581, 27, 75, 70000, '', 0, 1),
(582, 27, 106, 50000, '', 29, 1),
(583, 27, 136, 20000, '', 0, 1),
(584, 27, 108, 50000, '', 0, 1),
(585, 27, 65, 30000, '', 0, 1),
(586, 27, 143, 20000, '', 0, 1),
(587, 27, 123, 50000, '', 18, 1),
(589, 27, 122, 20000, '', 0, 1),
(590, 27, 121, 30000, '', 0, 1),
(591, 27, 132, 50000, '', 0, 1),
(592, 27, 128, 10000, '', 0, 1),
(593, 27, 140, 20000, '', 0, 1),
(594, 27, 134, 15000, '', 0, 1),
(595, 27, 114, 20000, '', 0, 1),
(596, 27, 127, 25000, '', 0, 1),
(597, 27, 0, 15000, 'Sam Mif', 0, 0),
(598, 27, 157, 20000, '', 0, 1),
(599, 27, 193, 40000, '', 0, 1),
(600, 27, 87, 20000, '', 0, 1),
(601, 27, 77, 20000, '', 0, 1),
(602, 27, 116, 30000, '', 0, 1),
(603, 27, 191, 40000, '', 0, 1),
(604, 27, 104, 30000, '', 0, 1),
(605, 27, 0, 620000, 'Kotak Amal ', 0, 0),
(606, 27, 0, 2500000, 'Parkiran ', 0, 0),
(607, 27, 144, 20000, '', 0, 1),
(609, 27, 0, 41500, 'rokok', 0, 0);

-- --------------------------------------------------------

--
-- Struktur dari tabel `pengeluaran`
--

CREATE TABLE `pengeluaran` (
  `id` int(11) NOT NULL,
  `id_haul` int(11) NOT NULL,
  `deskripsi` text NOT NULL,
  `jumlah` int(11) NOT NULL
) ENGINE=InnoDB DEFAULT CHARSET=utf8mb4 COLLATE=utf8mb4_general_ci;

--
-- Dumping data untuk tabel `pengeluaran`
--

INSERT INTO `pengeluaran` (`id`, `id_haul`, `deskripsi`, `jumlah`) VALUES
(8, 23, 'Rokok + Tisuy', 52500),
(9, 25, 'Konsumsi Rokok', 50000);

-- --------------------------------------------------------

--
-- Struktur dari tabel `user`
--

CREATE TABLE `user` (
  `id` int(11) NOT NULL,
  `nama` varchar(255) NOT NULL,
  `email` varchar(255) NOT NULL,
  `telepon` varchar(15) NOT NULL,
  `sandi` varchar(255) CHARACTER SET latin1 COLLATE latin1_general_cs NOT NULL,
  `level` int(11) NOT NULL
) ENGINE=InnoDB DEFAULT CHARSET=utf8mb4 COLLATE=utf8mb4_general_ci;

--
-- Dumping data untuk tabel `user`
--

INSERT INTO `user` (`id`, `nama`, `email`, `telepon`, `sandi`, `level`) VALUES
(1, 'Rosadi', 'imam.rosadi.153@gmail.com', '087750354305', 'rosadi123', 1),
(17, 'AtaSaiful', '', '08980022272', 'Randugembolo1187', 1),
(18, 'Fatoni ', 'wahidfatoni87@gmail.com', '0895612455009', 'wahidfatoni', 2),
(19, 'Rizal', '', '082232046883', 'Mus.com', 2),
(20, 'MOCH FAUZUL ADHIM', 'fauzulmuhammad631@gmail.com', '089660886655', 'Aremania87', 1),
(21, 'Hilmi', 'mhilmialbisri@gmail.com', '089608358349', 'hilmi1987', 2),
(22, 'kafaabi', '', '089685720288', 'aremania87', 1),
(24, 'Galang', 'pratamaahmadgalang@gmail.com', '085336375640', 'AhmadGalang80', 2),
(25, 'Bahrul Ulum', 'ulumbahrul65269@gmail.com', '087711432833', 'bahrul94', 2),
(26, 'Bintang', 'fabintangramadhan@gmail.com', '087899125661', 'opojarewes', 2),
(27, 'Silman', 'alfazohan@gmail.com', '083112090068', 'salman87', 2),
(28, 'Afta', 'kuhanafta@gmail.com', '088991831185', 'peta2009', 2),
(29, 'JOJOSADBOY', 'muhammadmaftuhjauhar@gmail.com', '089517853158', 'JOJOELEK02', 2),
(30, 'Udin', 'udin.imam441@gmail.com', '082143776256', 'udin123', 2),
(31, 'Mohamad fais faizal', 'faisfaizal144@gmail.com', '0895367279499', 'opowes', 2),
(32, 'imam', 'muhammadimamsyafii739@gmail.com', '081252440892', '888888', 2),
(33, 'Ibor', 'ramadanirobby7@gmail.com', '0882009952489', 'sembarangwes', 2),
(34, 'newachmadrozi97@gmail.com', 'newachmadrozi97@gmail.com', '087841532262', 'randugembolo', 2),
(35, 'Ahmad Syarif ', 'syarif8ahmad@gmail.com', '089694386868', 'syarive1987', 2),
(36, 'muhammadfitroharisetiawan@gmail.com', 'muhammadfitroharisetiawan@gmail.com', '0895376670407', 'Paimooo44', 2);

--
-- Indexes for dumped tables
--

--
-- Indeks untuk tabel `almarhums`
--
ALTER TABLE `almarhums`
  ADD PRIMARY KEY (`id`);

--
-- Indeks untuk tabel `artikel`
--
ALTER TABLE `artikel`
  ADD PRIMARY KEY (`id`);

--
-- Indeks untuk tabel `haul`
--
ALTER TABLE `haul`
  ADD PRIMARY KEY (`id`);

--
-- Indeks untuk tabel `keluarga`
--
ALTER TABLE `keluarga`
  ADD PRIMARY KEY (`id`);

--
-- Indeks untuk tabel `penarikan`
--
ALTER TABLE `penarikan`
  ADD PRIMARY KEY (`id`);

--
-- Indeks untuk tabel `pengeluaran`
--
ALTER TABLE `pengeluaran`
  ADD PRIMARY KEY (`id`);

--
-- Indeks untuk tabel `user`
--
ALTER TABLE `user`
  ADD PRIMARY KEY (`id`);

--
-- AUTO_INCREMENT untuk tabel yang dibuang
--

--
-- AUTO_INCREMENT untuk tabel `almarhums`
--
ALTER TABLE `almarhums`
  MODIFY `id` int(11) NOT NULL AUTO_INCREMENT, AUTO_INCREMENT=4487;

--
-- AUTO_INCREMENT untuk tabel `artikel`
--
ALTER TABLE `artikel`
  MODIFY `id` int(11) NOT NULL AUTO_INCREMENT, AUTO_INCREMENT=22;

--
-- AUTO_INCREMENT untuk tabel `haul`
--
ALTER TABLE `haul`
  MODIFY `id` int(11) NOT NULL AUTO_INCREMENT, AUTO_INCREMENT=28;

--
-- AUTO_INCREMENT untuk tabel `keluarga`
--
ALTER TABLE `keluarga`
  MODIFY `id` int(11) NOT NULL AUTO_INCREMENT, AUTO_INCREMENT=194;

--
-- AUTO_INCREMENT untuk tabel `penarikan`
--
ALTER TABLE `penarikan`
  MODIFY `id` int(11) NOT NULL AUTO_INCREMENT, AUTO_INCREMENT=610;

--
-- AUTO_INCREMENT untuk tabel `pengeluaran`
--
ALTER TABLE `pengeluaran`
  MODIFY `id` int(11) NOT NULL AUTO_INCREMENT, AUTO_INCREMENT=10;

--
-- AUTO_INCREMENT untuk tabel `user`
--
ALTER TABLE `user`
  MODIFY `id` int(11) NOT NULL AUTO_INCREMENT, AUTO_INCREMENT=41;
COMMIT;

/*!40101 SET CHARACTER_SET_CLIENT=@OLD_CHARACTER_SET_CLIENT */;
/*!40101 SET CHARACTER_SET_RESULTS=@OLD_CHARACTER_SET_RESULTS */;
/*!40101 SET COLLATION_CONNECTION=@OLD_COLLATION_CONNECTION */;
